IPN,MPN,Manufacturer,Description,Symbol,Footprint,Resistance,Voltage,Power,Tolerance,Datasheet,Composition,Package/Case,Length,Width,Height,Mounting Type,Temp Coefficient,MFG 1,MPN 1,MFG 2,MPN 2,MFG 3,MPN 3
RES-1001-001R,MFR-25FBF52-1R,Yageo,RES 1 OHM 0.25W 1.00% PTH AXL-7 ,g-res:R,g-res:R_Axial_DIN0207_L6.3mm_D2.5mm_P7.5mm_Horizontal,1,250V,0.25W,1%,https://www.yageo.com/upload/media/product/app/datasheet/lr/yageo-mfr_datasheet.pdf,Metal Film,AXL-7,6.3mm,2.4mm,2.6mm,PTH,100ppm,,,,,,
RES-1001-01R2,MFR-25FBF52-1R2,Yageo,RES 1.2 OHM 0.25W 1.00% PTH AXL-7 ,g-res:R,g-res:R_Axial_DIN0207_L6.3mm_D2.5mm_P7.5mm_Horizontal,1.2,250V,0.25W,1%,https://www.yageo.com/upload/media/product/app/datasheet/lr/yageo-mfr_datasheet.pdf,Metal Film,AXL-7,6.3mm,2.4mm,2.6mm,PTH,100ppm,,,,,,
RES-1001-01R5,MFR-25FBF52-1R5,Yageo,RES 1.5 OHM 0.25W 1.00% PTH AXL-7 ,g-res:R,g-res:R_Axial_DIN0207_L6.3mm_D2.5mm_P7.5mm_Horizontal,1.5,250V,0.25W,1%,https://www.yageo.com/upload/media/product/app/datasheet/lr/yageo-mfr_datasheet.pdf,Metal Film,AXL-7,6.3mm,2.4mm,2.6mm,PTH,100ppm,,,,,,
RES-1001-01R8,MFR-25FBF52-1R8,Yageo,RES 1.8 OHM 0.25W 1.00% PTH AXL-7 ,g-res:R,g-res:R_Axial_DIN0207_L6.3mm_D2.5mm_P7.5mm_Horizontal,1.8,250V,0.25W,1%,https://www.yageo.com/upload/media/product/app/datasheet/lr/yageo-mfr_datasheet.pdf,Metal Film,AXL-7,6.3mm,2.4mm,2.6mm,PTH,100ppm,,,,,,
RES-1001-02R2,MFR-25FBF52-2R2,Yageo,RES 2.2 OHM 0.25W 1.00% PTH AXL-7 ,g-res:R,g-res:R_Axial_DIN0207_L6.3mm_D2.5mm_P7.5mm_Horizontal,2.2,250V,0.25W,1%,https://www.yageo.com/upload/media/product/app/datasheet/lr/yageo-mfr_datasheet.pdf,Metal Film,AXL-7,6.3mm,2.4mm,2.6mm,PTH,100ppm,,,,,,
RES-1001-02R7,MFR-25FBF52-2R7,Yageo,RES 2.7 OHM 0.25W 1.00% PTH AXL-7 ,g-res:R,g-res:R_Axial_DIN0207_L6.3mm_D2.5mm_P7.5mm_Horizontal,2.7,250V,0.25W,1%,https://www.yageo.com/upload/media/product/app/datasheet/lr/yageo-mfr_datasheet.pdf,Metal Film,AXL-7,6.3mm,2.4mm,2.6mm,PTH,100ppm,,,,,,
RES-1001-03R3,MFR-25FBF52-3R3,Yageo,RES 3.3 OHM 0.25W 1.00% PTH AXL-7 ,g-res:R,g-res:R_Axial_DIN0207_L6.3mm_D2.5mm_P7.5mm_Horizontal,3.3,250V,0.25W,1%,https://www.yageo.com/upload/media/product/app/datasheet/lr/yageo-mfr_datasheet.pdf,Metal Film,AXL-7,6.3mm,2.4mm,2.6mm,PTH,100ppm,,,,,,
RES-1001-03R9,MFR-25FBF52-3R9,Yageo,RES 3.9 OHM 0.25W 1.00% PTH AXL-7 ,g-res:R,g-res:R_Axial_DIN0207_L6.3mm_D2.5mm_P7.5mm_Horizontal,3.9,250V,0.25W,1%,https://www.yageo.com/upload/media/product/app/datasheet/lr/yageo-mfr_datasheet.pdf,Metal Film,AXL-7,6.3mm,2.4mm,2.6mm,PTH,100ppm,,,,,,
RES-1001-04R7,MFR-25FBF52-4R7,Yageo,RES 4.7 OHM 0.25W 1.00% PTH AXL-7 ,g-res:R,g-res:R_Axial_DIN0207_L6.3mm_D2.5mm_P7.5mm_Horizontal,4.7,250V,0.25W,1%,https://www.yageo.com/upload/media/product/app/datasheet/lr/yageo-mfr_datasheet.pdf,Metal Film,AXL-7,6.3mm,2.4mm,2.6mm,PTH,100ppm,,,,,,
RES-1001-05R7,MFR-25FBF52-5R6,Yageo,RES 5.6 OHM 0.25W 1.00% PTH AXL-7 ,g-res:R,g-res:R_Axial_DIN0207_L6.3mm_D2.5mm_P7.5mm_Horizontal,5.6,250V,0.25W,1%,https://www.yageo.com/upload/media/product/app/datasheet/lr/yageo-mfr_datasheet.pdf,Metal Film,AXL-7,6.3mm,2.4mm,2.6mm,PTH,100ppm,,,,,,
RES-1001-06R8,MFR-25FBF52-6R8,Yageo,RES 6.8 OHM 0.25W 1.00% PTH AXL-7 ,g-res:R,g-res:R_Axial_DIN0207_L6.3mm_D2.5mm_P7.5mm_Horizontal,6.8,250V,0.25W,1%,https://www.yageo.com/upload/media/product/app/datasheet/lr/yageo-mfr_datasheet.pdf,Metal Film,AXL-7,6.3mm,2.4mm,2.6mm,PTH,100ppm,,,,,,
RES-1001-08R2,MFR-25FBF52-8R2,Yageo,RES 8.2 OHM 0.25W 1.00% PTH AXL-7 ,g-res:R,g-res:R_Axial_DIN0207_L6.3mm_D2.5mm_P7.5mm_Horizontal,8.2,250V,0.25W,1%,https://www.yageo.com/upload/media/product/app/datasheet/lr/yageo-mfr_datasheet.pdf,Metal Film,AXL-7,6.3mm,2.4mm,2.6mm,PTH,100ppm,,,,,,
RES-1001-010R,MFR-25FBF52-10R,Yageo,RES 10 OHM 0.25W 1.00% PTH AXL-7 ,g-res:R,g-res:R_Axial_DIN0207_L6.3mm_D2.5mm_P7.5mm_Horizontal,10,250V,0.25W,1%,https://www.yageo.com/upload/media/product/app/datasheet/lr/yageo-mfr_datasheet.pdf,Metal Film,AXL-7,6.3mm,2.4mm,2.6mm,PTH,100ppm,,,,,,
RES-1001-012R,MFR-25FBF52-12R,Yageo,RES 12 OHM 0.25W 1.00% PTH AXL-7 ,g-res:R,g-res:R_Axial_DIN0207_L6.3mm_D2.5mm_P7.5mm_Horizontal,12,250V,0.25W,1%,https://www.yageo.com/upload/media/product/app/datasheet/lr/yageo-mfr_datasheet.pdf,Metal Film,AXL-7,6.3mm,2.4mm,2.6mm,PTH,100ppm,,,,,,
RES-1001-015R,MFR-25FBF52-15R,Yageo,RES 15 OHM 0.25W 1.00% PTH AXL-7 ,g-res:R,g-res:R_Axial_DIN0207_L6.3mm_D2.5mm_P7.5mm_Horizontal,15,250V,0.25W,1%,https://www.yageo.com/upload/media/product/app/datasheet/lr/yageo-mfr_datasheet.pdf,Metal Film,AXL-7,6.3mm,2.4mm,2.6mm,PTH,100ppm,,,,,,
RES-1001-018R,MFR-25FBF52-18R,Yageo,RES 18 OHM 0.25W 1.00% PTH AXL-7 ,g-res:R,g-res:R_Axial_DIN0207_L6.3mm_D2.5mm_P7.5mm_Horizontal,18,250V,0.25W,1%,https://www.yageo.com/upload/media/product/app/datasheet/lr/yageo-mfr_datasheet.pdf,Metal Film,AXL-7,6.3mm,2.4mm,2.6mm,PTH,100ppm,,,,,,
RES-1001-022R,MFR-25FBF52-22R,Yageo,RES 22 OHM 0.25W 1.00% PTH AXL-7 ,g-res:R,g-res:R_Axial_DIN0207_L6.3mm_D2.5mm_P7.5mm_Horizontal,22,250V,0.25W,1%,https://www.yageo.com/upload/media/product/app/datasheet/lr/yageo-mfr_datasheet.pdf,Metal Film,AXL-7,6.3mm,2.4mm,2.6mm,PTH,100ppm,,,,,,
RES-1001-027R,MFR-25FBF52-27R,Yageo,RES 27 OHM 0.25W 1.00% PTH AXL-7 ,g-res:R,g-res:R_Axial_DIN0207_L6.3mm_D2.5mm_P7.5mm_Horizontal,27,250V,0.25W,1%,https://www.yageo.com/upload/media/product/app/datasheet/lr/yageo-mfr_datasheet.pdf,Metal Film,AXL-7,6.3mm,2.4mm,2.6mm,PTH,100ppm,,,,,,
RES-1001-033R,MFR-25FBF52-33R,Yageo,RES 33 OHM 0.25W 1.00% PTH AXL-7 ,g-res:R,g-res:R_Axial_DIN0207_L6.3mm_D2.5mm_P7.5mm_Horizontal,33,250V,0.25W,1%,https://www.yageo.com/upload/media/product/app/datasheet/lr/yageo-mfr_datasheet.pdf,Metal Film,AXL-7,6.3mm,2.4mm,2.6mm,PTH,100ppm,,,,,,
RES-1001-039R,MFR-25FBF52-39R,Yageo,RES 39 OHM 0.25W 1.00% PTH AXL-7 ,g-res:R,g-res:R_Axial_DIN0207_L6.3mm_D2.5mm_P7.5mm_Horizontal,39,250V,0.25W,1%,https://www.yageo.com/upload/media/product/app/datasheet/lr/yageo-mfr_datasheet.pdf,Metal Film,AXL-7,6.3mm,2.4mm,2.6mm,PTH,100ppm,,,,,,
RES-1001-047R,MFR-25FBF52-47R,Yageo,RES 47 OHM 0.25W 1.00% PTH AXL-7 ,g-res:R,g-res:R_Axial_DIN0207_L6.3mm_D2.5mm_P7.5mm_Horizontal,47,250V,0.25W,1%,https://www.yageo.com/upload/media/product/app/datasheet/lr/yageo-mfr_datasheet.pdf,Metal Film,AXL-7,6.3mm,2.4mm,2.6mm,PTH,100ppm,,,,,,
RES-1001-056R,MFR-25FBF52-56R,Yageo,RES 56 OHM 0.25W 1.00% PTH AXL-7 ,g-res:R,g-res:R_Axial_DIN0207_L6.3mm_D2.5mm_P7.5mm_Horizontal,56,250V,0.25W,1%,https://www.yageo.com/upload/media/product/app/datasheet/lr/yageo-mfr_datasheet.pdf,Metal Film,AXL-7,6.3mm,2.4mm,2.6mm,PTH,100ppm,,,,,,
RES-1001-068R,MFR-25FBF52-68R,Yageo,RES 68 OHM 0.25W 1.00% PTH AXL-7 ,g-res:R,g-res:R_Axial_DIN0207_L6.3mm_D2.5mm_P7.5mm_Horizontal,68,250V,0.25W,1%,https://www.yageo.com/upload/media/product/app/datasheet/lr/yageo-mfr_datasheet.pdf,Metal Film,AXL-7,6.3mm,2.4mm,2.6mm,PTH,100ppm,,,,,,
RES-1001-082R,MFR-25FBF52-82R,Yageo,RES 82 OHM 0.25W 1.00% PTH AXL-7 ,g-res:R,g-res:R_Axial_DIN0207_L6.3mm_D2.5mm_P7.5mm_Horizontal,82,250V,0.25W,1%,https://www.yageo.com/upload/media/product/app/datasheet/lr/yageo-mfr_datasheet.pdf,Metal Film,AXL-7,6.3mm,2.4mm,2.6mm,PTH,100ppm,,,,,,
RES-1001-0100,MFR-25FBF52-100R,Yageo,RES 100 OHM 0.25W 1.00% PTH AXL-7 ,g-res:R,g-res:R_Axial_DIN0207_L6.3mm_D2.5mm_P7.5mm_Horizontal,100,250V,0.25W,1%,https://www.yageo.com/upload/media/product/app/datasheet/lr/yageo-mfr_datasheet.pdf,Metal Film,AXL-7,6.3mm,2.4mm,2.6mm,PTH,100ppm,,,,,,
RES-1001-0120,MFR-25FBF52-120R,Yageo,RES 120 OHM 0.25W 1.00% PTH AXL-7 ,g-res:R,g-res:R_Axial_DIN0207_L6.3mm_D2.5mm_P7.5mm_Horizontal,120,250V,0.25W,1%,https://www.yageo.com/upload/media/product/app/datasheet/lr/yageo-mfr_datasheet.pdf,Metal Film,AXL-7,6.3mm,2.4mm,2.6mm,PTH,100ppm,,,,,,
RES-1001-0150,MFR-25FBF52-150R,Yageo,RES 150 OHM 0.25W 1.00% PTH AXL-7 ,g-res:R,g-res:R_Axial_DIN0207_L6.3mm_D2.5mm_P7.5mm_Horizontal,150,250V,0.25W,1%,https://www.yageo.com/upload/media/product/app/datasheet/lr/yageo-mfr_datasheet.pdf,Metal Film,AXL-7,6.3mm,2.4mm,2.6mm,PTH,100ppm,,,,,,
RES-1001-0180,MFR-25FBF52-180R,Yageo,RES 180 OHM 0.25W 1.00% PTH AXL-7 ,g-res:R,g-res:R_Axial_DIN0207_L6.3mm_D2.5mm_P7.5mm_Horizontal,180,250V,0.25W,1%,https://www.yageo.com/upload/media/product/app/datasheet/lr/yageo-mfr_datasheet.pdf,Metal Film,AXL-7,6.3mm,2.4mm,2.6mm,PTH,100ppm,,,,,,
RES-1001-0220,MFR-25FBF52-220R,Yageo,RES 220 OHM 0.25W 1.00% PTH AXL-7 ,g-res:R,g-res:R_Axial_DIN0207_L6.3mm_D2.5mm_P7.5mm_Horizontal,220,250V,0.25W,1%,https://www.yageo.com/upload/media/product/app/datasheet/lr/yageo-mfr_datasheet.pdf,Metal Film,AXL-7,6.3mm,2.4mm,2.6mm,PTH,100ppm,,,,,,
RES-1001-0270,MFR-25FBF52-270R,Yageo,RES 270 OHM 0.25W 1.00% PTH AXL-7 ,g-res:R,g-res:R_Axial_DIN0207_L6.3mm_D2.5mm_P7.5mm_Horizontal,270,250V,0.25W,1%,https://www.yageo.com/upload/media/product/app/datasheet/lr/yageo-mfr_datasheet.pdf,Metal Film,AXL-7,6.3mm,2.4mm,2.6mm,PTH,100ppm,,,,,,
RES-1001-0330,MFR-25FBF52-330R,Yageo,RES 330 OHM 0.25W 1.00% PTH AXL-7 ,g-res:R,g-res:R_Axial_DIN0207_L6.3mm_D2.5mm_P7.5mm_Horizontal,330,250V,0.25W,1%,https://www.yageo.com/upload/media/product/app/datasheet/lr/yageo-mfr_datasheet.pdf,Metal Film,AXL-7,6.3mm,2.4mm,2.6mm,PTH,100ppm,,,,,,
RES-1001-0390,MFR-25FBF52-390R,Yageo,RES 390 OHM 0.25W 1.00% PTH AXL-7 ,g-res:R,g-res:R_Axial_DIN0207_L6.3mm_D2.5mm_P7.5mm_Horizontal,390,250V,0.25W,1%,https://www.yageo.com/upload/media/product/app/datasheet/lr/yageo-mfr_datasheet.pdf,Metal Film,AXL-7,6.3mm,2.4mm,2.6mm,PTH,100ppm,,,,,,
RES-1001-0470,MFR-25FBF52-470R,Yageo,RES 470 OHM 0.25W 1.00% PTH AXL-7 ,g-res:R,g-res:R_Axial_DIN0207_L6.3mm_D2.5mm_P7.5mm_Horizontal,470,250V,0.25W,1%,https://www.yageo.com/upload/media/product/app/datasheet/lr/yageo-mfr_datasheet.pdf,Metal Film,AXL-7,6.3mm,2.4mm,2.6mm,PTH,100ppm,,,,,,
RES-1001-0560,MFR-25FBF52-560R,Yageo,RES 560 OHM 0.25W 1.00% PTH AXL-7 ,g-res:R,g-res:R_Axial_DIN0207_L6.3mm_D2.5mm_P7.5mm_Horizontal,560,250V,0.25W,1%,https://www.yageo.com/upload/media/product/app/datasheet/lr/yageo-mfr_datasheet.pdf,Metal Film,AXL-7,6.3mm,2.4mm,2.6mm,PTH,100ppm,,,,,,
RES-1001-0680,MFR-25FBF52-680R,Yageo,RES 680 OHM 0.25W 1.00% PTH AXL-7 ,g-res:R,g-res:R_Axial_DIN0207_L6.3mm_D2.5mm_P7.5mm_Horizontal,680,250V,0.25W,1%,https://www.yageo.com/upload/media/product/app/datasheet/lr/yageo-mfr_datasheet.pdf,Metal Film,AXL-7,6.3mm,2.4mm,2.6mm,PTH,100ppm,,,,,,
RES-1001-0820,MFR-25FBF52-820R,Yageo,RES 820 OHM 0.25W 1.00% PTH AXL-7 ,g-res:R,g-res:R_Axial_DIN0207_L6.3mm_D2.5mm_P7.5mm_Horizontal,820,250V,0.25W,1%,https://www.yageo.com/upload/media/product/app/datasheet/lr/yageo-mfr_datasheet.pdf,Metal Film,AXL-7,6.3mm,2.4mm,2.6mm,PTH,100ppm,,,,,,
RES-1001-1001,MFR-25FBF52-1K,Yageo,RES 1k OHM 0.25W 1.00% PTH AXL-7 ,g-res:R,g-res:R_Axial_DIN0207_L6.3mm_D2.5mm_P7.5mm_Horizontal,1k,250V,0.25W,1%,https://www.yageo.com/upload/media/product/app/datasheet/lr/yageo-mfr_datasheet.pdf,Metal Film,AXL-7,6.3mm,2.4mm,2.6mm,PTH,100ppm,,,,,,
RES-1001-1201,MFR-25FBF52-1K2,Yageo,RES 1.2k OHM 0.25W 1.00% PTH AXL-7 ,g-res:R,g-res:R_Axial_DIN0207_L6.3mm_D2.5mm_P7.5mm_Horizontal,1.2k,250V,0.25W,1%,https://www.yageo.com/upload/media/product/app/datasheet/lr/yageo-mfr_datasheet.pdf,Metal Film,AXL-7,6.3mm,2.4mm,2.6mm,PTH,100ppm,,,,,,
RES-1001-1501,MFR-25FBF52-1K5,Yageo,RES 1.5k OHM 0.25W 1.00% PTH AXL-7 ,g-res:R,g-res:R_Axial_DIN0207_L6.3mm_D2.5mm_P7.5mm_Horizontal,1.5k,250V,0.25W,1%,https://www.yageo.com/upload/media/product/app/datasheet/lr/yageo-mfr_datasheet.pdf,Metal Film,AXL-7,6.3mm,2.4mm,2.6mm,PTH,100ppm,,,,,,
RES-1001-1801,MFR-25FBF52-1K8,Yageo,RES 1.8k OHM 0.25W 1.00% PTH AXL-7 ,g-res:R,g-res:R_Axial_DIN0207_L6.3mm_D2.5mm_P7.5mm_Horizontal,1.8k,250V,0.25W,1%,https://www.yageo.com/upload/media/product/app/datasheet/lr/yageo-mfr_datasheet.pdf,Metal Film,AXL-7,6.3mm,2.4mm,2.6mm,PTH,100ppm,,,,,,
RES-1001-2201,MFR-25FBF52-2K2,Yageo,RES 2.2k OHM 0.25W 1.00% PTH AXL-7 ,g-res:R,g-res:R_Axial_DIN0207_L6.3mm_D2.5mm_P7.5mm_Horizontal,2.2k,250V,0.25W,1%,https://www.yageo.com/upload/media/product/app/datasheet/lr/yageo-mfr_datasheet.pdf,Metal Film,AXL-7,6.3mm,2.4mm,2.6mm,PTH,100ppm,,,,,,
RES-1001-2701,MFR-25FBF52-2K7,Yageo,RES 2.7k OHM 0.25W 1.00% PTH AXL-7 ,g-res:R,g-res:R_Axial_DIN0207_L6.3mm_D2.5mm_P7.5mm_Horizontal,2.7k,250V,0.25W,1%,https://www.yageo.com/upload/media/product/app/datasheet/lr/yageo-mfr_datasheet.pdf,Metal Film,AXL-7,6.3mm,2.4mm,2.6mm,PTH,100ppm,,,,,,
RES-1001-3301,MFR-25FBF52-3K3,Yageo,RES 3.3k OHM 0.25W 1.00% PTH AXL-7 ,g-res:R,g-res:R_Axial_DIN0207_L6.3mm_D2.5mm_P7.5mm_Horizontal,3.3k,250V,0.25W,1%,https://www.yageo.com/upload/media/product/app/datasheet/lr/yageo-mfr_datasheet.pdf,Metal Film,AXL-7,6.3mm,2.4mm,2.6mm,PTH,100ppm,,,,,,
RES-1001-3901,MFR-25FBF52-3K9,Yageo,RES 3.9k OHM 0.25W 1.00% PTH AXL-7 ,g-res:R,g-res:R_Axial_DIN0207_L6.3mm_D2.5mm_P7.5mm_Horizontal,3.9k,250V,0.25W,1%,https://www.yageo.com/upload/media/product/app/datasheet/lr/yageo-mfr_datasheet.pdf,Metal Film,AXL-7,6.3mm,2.4mm,2.6mm,PTH,100ppm,,,,,,
RES-1001-4701,MFR-25FBF52-4K7,Yageo,RES 4.7k OHM 0.25W 1.00% PTH AXL-7 ,g-res:R,g-res:R_Axial_DIN0207_L6.3mm_D2.5mm_P7.5mm_Horizontal,4.7k,250V,0.25W,1%,https://www.yageo.com/upload/media/product/app/datasheet/lr/yageo-mfr_datasheet.pdf,Metal Film,AXL-7,6.3mm,2.4mm,2.6mm,PTH,100ppm,,,,,,
RES-1001-5601,MFR-25FBF52-5K6,Yageo,RES 5.6k OHM 0.25W 1.00% PTH AXL-7 ,g-res:R,g-res:R_Axial_DIN0207_L6.3mm_D2.5mm_P7.5mm_Horizontal,5.6k,250V,0.25W,1%,https://www.yageo.com/upload/media/product/app/datasheet/lr/yageo-mfr_datasheet.pdf,Metal Film,AXL-7,6.3mm,2.4mm,2.6mm,PTH,100ppm,,,,,,
RES-1001-6801,MFR-25FBF52-6K8,Yageo,RES 6.8k OHM 0.25W 1.00% PTH AXL-7 ,g-res:R,g-res:R_Axial_DIN0207_L6.3mm_D2.5mm_P7.5mm_Horizontal,6.8k,250V,0.25W,1%,https://www.yageo.com/upload/media/product/app/datasheet/lr/yageo-mfr_datasheet.pdf,Metal Film,AXL-7,6.3mm,2.4mm,2.6mm,PTH,100ppm,,,,,,
RES-1001-8201,MFR-25FBF52-8K2,Yageo,RES 8.2k OHM 0.25W 1.00% PTH AXL-7 ,g-res:R,g-res:R_Axial_DIN0207_L6.3mm_D2.5mm_P7.5mm_Horizontal,8.2k,250V,0.25W,1%,https://www.yageo.com/upload/media/product/app/datasheet/lr/yageo-mfr_datasheet.pdf,Metal Film,AXL-7,6.3mm,2.4mm,2.6mm,PTH,100ppm,,,,,,
RES-1001-1002,MFR-25FBF52-10K,Yageo,RES 10k OHM 0.25W 1.00% PTH AXL-7 ,g-res:R,g-res:R_Axial_DIN0207_L6.3mm_D2.5mm_P7.5mm_Horizontal,10k,250V,0.25W,1%,https://www.yageo.com/upload/media/product/app/datasheet/lr/yageo-mfr_datasheet.pdf,Metal Film,AXL-7,6.3mm,2.4mm,2.6mm,PTH,100ppm,,,,,,
RES-1001-1202,MFR-25FBF52-12K,Yageo,RES 12k OHM 0.25W 1.00% PTH AXL-7 ,g-res:R,g-res:R_Axial_DIN0207_L6.3mm_D2.5mm_P7.5mm_Horizontal,12k,250V,0.25W,1%,https://www.yageo.com/upload/media/product/app/datasheet/lr/yageo-mfr_datasheet.pdf,Metal Film,AXL-7,6.3mm,2.4mm,2.6mm,PTH,100ppm,,,,,,
RES-1001-1502,MFR-25FBF52-15K,Yageo,RES 15k OHM 0.25W 1.00% PTH AXL-7 ,g-res:R,g-res:R_Axial_DIN0207_L6.3mm_D2.5mm_P7.5mm_Horizontal,15k,250V,0.25W,1%,https://www.yageo.com/upload/media/product/app/datasheet/lr/yageo-mfr_datasheet.pdf,Metal Film,AXL-7,6.3mm,2.4mm,2.6mm,PTH,100ppm,,,,,,
RES-1001-1802,MFR-25FBF52-18K,Yageo,RES 18k OHM 0.25W 1.00% PTH AXL-7 ,g-res:R,g-res:R_Axial_DIN0207_L6.3mm_D2.5mm_P7.5mm_Horizontal,18k,250V,0.25W,1%,https://www.yageo.com/upload/media/product/app/datasheet/lr/yageo-mfr_datasheet.pdf,Metal Film,AXL-7,6.3mm,2.4mm,2.6mm,PTH,100ppm,,,,,,
RES-1001-2202,MFR-25FBF52-22K,Yageo,RES 22k OHM 0.25W 1.00% PTH AXL-7 ,g-res:R,g-res:R_Axial_DIN0207_L6.3mm_D2.5mm_P7.5mm_Horizontal,22k,250V,0.25W,1%,https://www.yageo.com/upload/media/product/app/datasheet/lr/yageo-mfr_datasheet.pdf,Metal Film,AXL-7,6.3mm,2.4mm,2.6mm,PTH,100ppm,,,,,,
RES-1001-2702,MFR-25FBF52-27K,Yageo,RES 27k OHM 0.25W 1.00% PTH AXL-7 ,g-res:R,g-res:R_Axial_DIN0207_L6.3mm_D2.5mm_P7.5mm_Horizontal,27k,250V,0.25W,1%,https://www.yageo.com/upload/media/product/app/datasheet/lr/yageo-mfr_datasheet.pdf,Metal Film,AXL-7,6.3mm,2.4mm,2.6mm,PTH,100ppm,,,,,,
RES-1001-3302,MFR-25FBF52-33K,Yageo,RES 33k OHM 0.25W 1.00% PTH AXL-7 ,g-res:R,g-res:R_Axial_DIN0207_L6.3mm_D2.5mm_P7.5mm_Horizontal,33k,250V,0.25W,1%,https://www.yageo.com/upload/media/product/app/datasheet/lr/yageo-mfr_datasheet.pdf,Metal Film,AXL-7,6.3mm,2.4mm,2.6mm,PTH,100ppm,,,,,,
RES-1001-3902,MFR-25FBF52-39K,Yageo,RES 39k OHM 0.25W 1.00% PTH AXL-7 ,g-res:R,g-res:R_Axial_DIN0207_L6.3mm_D2.5mm_P7.5mm_Horizontal,39k,250V,0.25W,1%,https://www.yageo.com/upload/media/product/app/datasheet/lr/yageo-mfr_datasheet.pdf,Metal Film,AXL-7,6.3mm,2.4mm,2.6mm,PTH,100ppm,,,,,,
RES-1001-4702,MFR-25FBF52-47K,Yageo,RES 47k OHM 0.25W 1.00% PTH AXL-7 ,g-res:R,g-res:R_Axial_DIN0207_L6.3mm_D2.5mm_P7.5mm_Horizontal,47k,250V,0.25W,1%,https://www.yageo.com/upload/media/product/app/datasheet/lr/yageo-mfr_datasheet.pdf,Metal Film,AXL-7,6.3mm,2.4mm,2.6mm,PTH,100ppm,,,,,,
RES-1001-5602,MFR-25FBF52-56K,Yageo,RES 56k OHM 0.25W 1.00% PTH AXL-7 ,g-res:R,g-res:R_Axial_DIN0207_L6.3mm_D2.5mm_P7.5mm_Horizontal,56k,250V,0.25W,1%,https://www.yageo.com/upload/media/product/app/datasheet/lr/yageo-mfr_datasheet.pdf,Metal Film,AXL-7,6.3mm,2.4mm,2.6mm,PTH,100ppm,,,,,,
RES-1001-6802,MFR-25FBF52-68K,Yageo,RES 68k OHM 0.25W 1.00% PTH AXL-7 ,g-res:R,g-res:R_Axial_DIN0207_L6.3mm_D2.5mm_P7.5mm_Horizontal,68k,250V,0.25W,1%,https://www.yageo.com/upload/media/product/app/datasheet/lr/yageo-mfr_datasheet.pdf,Metal Film,AXL-7,6.3mm,2.4mm,2.6mm,PTH,100ppm,,,,,,
RES-1001-8202,MFR-25FBF52-82K,Yageo,RES 82k OHM 0.25W 1.00% PTH AXL-7 ,g-res:R,g-res:R_Axial_DIN0207_L6.3mm_D2.5mm_P7.5mm_Horizontal,82k,250V,0.25W,1%,https://www.yageo.com/upload/media/product/app/datasheet/lr/yageo-mfr_datasheet.pdf,Metal Film,AXL-7,6.3mm,2.4mm,2.6mm,PTH,100ppm,,,,,,
RES-1001-1003,MFR-25FBF52-100K,Yageo,RES 100k OHM 0.25W 1.00% PTH AXL-7 ,g-res:R,g-res:R_Axial_DIN0207_L6.3mm_D2.5mm_P7.5mm_Horizontal,100k,250V,0.25W,1%,https://www.yageo.com/upload/media/product/app/datasheet/lr/yageo-mfr_datasheet.pdf,Metal Film,AXL-7,6.3mm,2.4mm,2.6mm,PTH,100ppm,,,,,,
RES-1001-1203,MFR-25FBF52-120K,Yageo,RES 120k OHM 0.25W 1.00% PTH AXL-7 ,g-res:R,g-res:R_Axial_DIN0207_L6.3mm_D2.5mm_P7.5mm_Horizontal,120k,250V,0.25W,1%,https://www.yageo.com/upload/media/product/app/datasheet/lr/yageo-mfr_datasheet.pdf,Metal Film,AXL-7,6.3mm,2.4mm,2.6mm,PTH,100ppm,,,,,,
RES-1001-1503,MFR-25FBF52-150K,Yageo,RES 150k OHM 0.25W 1.00% PTH AXL-7 ,g-res:R,g-res:R_Axial_DIN0207_L6.3mm_D2.5mm_P7.5mm_Horizontal,150k,250V,0.25W,1%,https://www.yageo.com/upload/media/product/app/datasheet/lr/yageo-mfr_datasheet.pdf,Metal Film,AXL-7,6.3mm,2.4mm,2.6mm,PTH,100ppm,,,,,,
RES-1001-1803,MFR-25FBF52-180K,Yageo,RES 180k OHM 0.25W 1.00% PTH AXL-7 ,g-res:R,g-res:R_Axial_DIN0207_L6.3mm_D2.5mm_P7.5mm_Horizontal,180k,250V,0.25W,1%,https://www.yageo.com/upload/media/product/app/datasheet/lr/yageo-mfr_datasheet.pdf,Metal Film,AXL-7,6.3mm,2.4mm,2.6mm,PTH,100ppm,,,,,,
RES-1001-2203,MFR-25FBF52-220K,Yageo,RES 220k OHM 0.25W 1.00% PTH AXL-7 ,g-res:R,g-res:R_Axial_DIN0207_L6.3mm_D2.5mm_P7.5mm_Horizontal,220k,250V,0.25W,1%,https://www.yageo.com/upload/media/product/app/datasheet/lr/yageo-mfr_datasheet.pdf,Metal Film,AXL-7,6.3mm,2.4mm,2.6mm,PTH,100ppm,,,,,,
RES-1001-2703,MFR-25FBF52-270K,Yageo,RES 270k OHM 0.25W 1.00% PTH AXL-7 ,g-res:R,g-res:R_Axial_DIN0207_L6.3mm_D2.5mm_P7.5mm_Horizontal,270k,250V,0.25W,1%,https://www.yageo.com/upload/media/product/app/datasheet/lr/yageo-mfr_datasheet.pdf,Metal Film,AXL-7,6.3mm,2.4mm,2.6mm,PTH,100ppm,,,,,,
RES-1001-3303,MFR-25FBF52-330K,Yageo,RES 330k OHM 0.25W 1.00% PTH AXL-7 ,g-res:R,g-res:R_Axial_DIN0207_L6.3mm_D2.5mm_P7.5mm_Horizontal,330k,250V,0.25W,1%,https://www.yageo.com/upload/media/product/app/datasheet/lr/yageo-mfr_datasheet.pdf,Metal Film,AXL-7,6.3mm,2.4mm,2.6mm,PTH,100ppm,,,,,,
RES-1001-3903,MFR-25FBF52-390K,Yageo,RES 390k OHM 0.25W 1.00% PTH AXL-7 ,g-res:R,g-res:R_Axial_DIN0207_L6.3mm_D2.5mm_P7.5mm_Horizontal,390k,250V,0.25W,1%,https://www.yageo.com/upload/media/product/app/datasheet/lr/yageo-mfr_datasheet.pdf,Metal Film,AXL-7,6.3mm,2.4mm,2.6mm,PTH,100ppm,,,,,,
RES-1001-4703,MFR-25FBF52-470K,Yageo,RES 470k OHM 0.25W 1.00% PTH AXL-7 ,g-res:R,g-res:R_Axial_DIN0207_L6.3mm_D2.5mm_P7.5mm_Horizontal,470k,250V,0.25W,1%,https://www.yageo.com/upload/media/product/app/datasheet/lr/yageo-mfr_datasheet.pdf,Metal Film,AXL-7,6.3mm,2.4mm,2.6mm,PTH,100ppm,,,,,,
RES-1001-5603,MFR-25FBF52-560K,Yageo,RES 560k OHM 0.25W 1.00% PTH AXL-7 ,g-res:R,g-res:R_Axial_DIN0207_L6.3mm_D2.5mm_P7.5mm_Horizontal,560k,250V,0.25W,1%,https://www.yageo.com/upload/media/product/app/datasheet/lr/yageo-mfr_datasheet.pdf,Metal Film,AXL-7,6.3mm,2.4mm,2.6mm,PTH,100ppm,,,,,,
RES-1001-6803,MFR-25FBF52-680K,Yageo,RES 680k OHM 0.25W 1.00% PTH AXL-7 ,g-res:R,g-res:R_Axial_DIN0207_L6.3mm_D2.5mm_P7.5mm_Horizontal,680k,250V,0.25W,1%,https://www.yageo.com/upload/media/product/app/datasheet/lr/yageo-mfr_datasheet.pdf,Metal Film,AXL-7,6.3mm,2.4mm,2.6mm,PTH,100ppm,,,,,,
RES-1001-8203,MFR-25FBF52-820K,Yageo,RES 820k OHM 0.25W 1.00% PTH AXL-7 ,g-res:R,g-res:R_Axial_DIN0207_L6.3mm_D2.5mm_P7.5mm_Horizontal,820k,250V,0.25W,1%,https://www.yageo.com/upload/media/product/app/datasheet/lr/yageo-mfr_datasheet.pdf,Metal Film,AXL-7,6.3mm,2.4mm,2.6mm,PTH,100ppm,,,,,,
RES-1001-1004,MFR-25FBF52-1M,Yageo,RES 1M OHM 0.25W 1.00% PTH AXL-7 ,g-res:R,g-res:R_Axial_DIN0207_L6.3mm_D2.5mm_P7.5mm_Horizontal,1M,250V,0.25W,1%,https://www.yageo.com/upload/media/product/app/datasheet/lr/yageo-mfr_datasheet.pdf,Metal Film,AXL-7,6.3mm,2.4mm,2.6mm,PTH,100ppm,,,,,,
RES-1001-1204,MFR-25FBF52-1M2,Yageo,RES 1.2M OHM 0.25W 1.00% PTH AXL-7 ,g-res:R,g-res:R_Axial_DIN0207_L6.3mm_D2.5mm_P7.5mm_Horizontal,1.2M,250V,0.25W,1%,https://www.yageo.com/upload/media/product/app/datasheet/lr/yageo-mfr_datasheet.pdf,Metal Film,AXL-7,6.3mm,2.4mm,2.6mm,PTH,100ppm,,,,,,
RES-1001-1504,MFR-25FBF52-1M5,Yageo,RES 1.5M OHM 0.25W 1.00% PTH AXL-7 ,g-res:R,g-res:R_Axial_DIN0207_L6.3mm_D2.5mm_P7.5mm_Horizontal,1.5M,250V,0.25W,1%,https://www.yageo.com/upload/media/product/app/datasheet/lr/yageo-mfr_datasheet.pdf,Metal Film,AXL-7,6.3mm,2.4mm,2.6mm,PTH,100ppm,,,,,,
RES-1001-1804,MFR-25FBF52-1M8,Yageo,RES 1.8M OHM 0.25W 1.00% PTH AXL-7 ,g-res:R,g-res:R_Axial_DIN0207_L6.3mm_D2.5mm_P7.5mm_Horizontal,1.8M,250V,0.25W,1%,https://www.yageo.com/upload/media/product/app/datasheet/lr/yageo-mfr_datasheet.pdf,Metal Film,AXL-7,6.3mm,2.4mm,2.6mm,PTH,100ppm,,,,,,
RES-1001-2204,MFR-25FBF52-2M2,Yageo,RES 2.2M OHM 0.25W 1.00% PTH AXL-7 ,g-res:R,g-res:R_Axial_DIN0207_L6.3mm_D2.5mm_P7.5mm_Horizontal,2.2M,250V,0.25W,1%,https://www.yageo.com/upload/media/product/app/datasheet/lr/yageo-mfr_datasheet.pdf,Metal Film,AXL-7,6.3mm,2.4mm,2.6mm,PTH,100ppm,,,,,,
RES-1001-2704,MFR-25FBF52-2M7,Yageo,RES 2.7M OHM 0.25W 1.00% PTH AXL-7 ,g-res:R,g-res:R_Axial_DIN0207_L6.3mm_D2.5mm_P7.5mm_Horizontal,2.7M,250V,0.25W,1%,https://www.yageo.com/upload/media/product/app/datasheet/lr/yageo-mfr_datasheet.pdf,Metal Film,AXL-7,6.3mm,2.4mm,2.6mm,PTH,100ppm,,,,,,
RES-1001-3304,MFR-25FBF52-3M3,Yageo,RES 3.3M OHM 0.25W 1.00% PTH AXL-7 ,g-res:R,g-res:R_Axial_DIN0207_L6.3mm_D2.5mm_P7.5mm_Horizontal,3.3M,250V,0.25W,1%,https://www.yageo.com/upload/media/product/app/datasheet/lr/yageo-mfr_datasheet.pdf,Metal Film,AXL-7,6.3mm,2.4mm,2.6mm,PTH,100ppm,,,,,,
RES-1001-3904,MFR-25FBF52-3M9,Yageo,RES 3.9M OHM 0.25W 1.00% PTH AXL-7 ,g-res:R,g-res:R_Axial_DIN0207_L6.3mm_D2.5mm_P7.5mm_Horizontal,3.9M,250V,0.25W,1%,https://www.yageo.com/upload/media/product/app/datasheet/lr/yageo-mfr_datasheet.pdf,Metal Film,AXL-7,6.3mm,2.4mm,2.6mm,PTH,100ppm,,,,,,
RES-1001-4704,MFR-25FBF52-4M7,Yageo,RES 4.7M OHM 0.25W 1.00% PTH AXL-7 ,g-res:R,g-res:R_Axial_DIN0207_L6.3mm_D2.5mm_P7.5mm_Horizontal,4.7M,250V,0.25W,1%,https://www.yageo.com/upload/media/product/app/datasheet/lr/yageo-mfr_datasheet.pdf,Metal Film,AXL-7,6.3mm,2.4mm,2.6mm,PTH,100ppm,,,,,,
RES-2001-001R,RT0603BRD071RL,Yageo,RES 1 OHM 0.1W 0.10% SMD 0603 ,g-res:R,Resistor_SMD:R_0603_1608Metric,1,75V,0.1W,0.1%,https://www.yageo.com/upload/media/product/app/datasheet/rchip/pyu-rt_1-to-0.01_rohs_l.pdf,Thin Film,0603,1.6mm,0.8mm,0.55mm,SMD,25ppm,,,,,,
RES-2001-01R1,RT0603BRD071R1L,Yageo,RES 1.1 OHM 0.1W 0.10% SMD 0603 ,g-res:R,Resistor_SMD:R_0603_1608Metric,1.1,75V,0.1W,0.1%,https://www.yageo.com/upload/media/product/app/datasheet/rchip/pyu-rt_1-to-0.01_rohs_l.pdf,Thin Film,0603,1.6mm,0.8mm,0.55mm,SMD,25ppm,,,,,,
RES-2001-01R2,RT0603BRD071R2L,Yageo,RES 1.2 OHM 0.1W 0.10% SMD 0603 ,g-res:R,Resistor_SMD:R_0603_1608Metric,1.2,75V,0.1W,0.1%,https://www.yageo.com/upload/media/product/app/datasheet/rchip/pyu-rt_1-to-0.01_rohs_l.pdf,Thin Film,0603,1.6mm,0.8mm,0.55mm,SMD,25ppm,,,,,,
RES-2001-01R3,RT0603BRD071R3L,Yageo,RES 1.3 OHM 0.1W 0.10% SMD 0603 ,g-res:R,Resistor_SMD:R_0603_1608Metric,1.3,75V,0.1W,0.1%,https://www.yageo.com/upload/media/product/app/datasheet/rchip/pyu-rt_1-to-0.01_rohs_l.pdf,Thin Film,0603,1.6mm,0.8mm,0.55mm,SMD,25ppm,,,,,,
RES-2001-01R5,RT0603BRD071R5L,Yageo,RES 1.5 OHM 0.1W 0.10% SMD 0603 ,g-res:R,Resistor_SMD:R_0603_1608Metric,1.5,75V,0.1W,0.1%,https://www.yageo.com/upload/media/product/app/datasheet/rchip/pyu-rt_1-to-0.01_rohs_l.pdf,Thin Film,0603,1.6mm,0.8mm,0.55mm,SMD,25ppm,,,,,,
RES-2001-01R6,RT0603BRD071R6L,Yageo,RES 1.6 OHM 0.1W 0.10% SMD 0603 ,g-res:R,Resistor_SMD:R_0603_1608Metric,1.6,75V,0.1W,0.1%,https://www.yageo.com/upload/media/product/app/datasheet/rchip/pyu-rt_1-to-0.01_rohs_l.pdf,Thin Film,0603,1.6mm,0.8mm,0.55mm,SMD,25ppm,,,,,,
RES-2001-01R8,RT0603BRD071R8L,Yageo,RES 1.8 OHM 0.1W 0.10% SMD 0603 ,g-res:R,Resistor_SMD:R_0603_1608Metric,1.8,75V,0.1W,0.1%,https://www.yageo.com/upload/media/product/app/datasheet/rchip/pyu-rt_1-to-0.01_rohs_l.pdf,Thin Film,0603,1.6mm,0.8mm,0.55mm,SMD,25ppm,,,,,,
RES-2001-002R,RT0603BRD072RL,Yageo,RES 2 OHM 0.1W 0.10% SMD 0603 ,g-res:R,Resistor_SMD:R_0603_1608Metric,2,75V,0.1W,0.1%,https://www.yageo.com/upload/media/product/app/datasheet/rchip/pyu-rt_1-to-0.01_rohs_l.pdf,Thin Film,0603,1.6mm,0.8mm,0.55mm,SMD,25ppm,,,,,,
RES-2001-02R2,RT0603BRD072R2L,Yageo,RES 2.2 OHM 0.1W 0.10% SMD 0603 ,g-res:R,Resistor_SMD:R_0603_1608Metric,2.2,75V,0.1W,0.1%,https://www.yageo.com/upload/media/product/app/datasheet/rchip/pyu-rt_1-to-0.01_rohs_l.pdf,Thin Film,0603,1.6mm,0.8mm,0.55mm,SMD,25ppm,,,,,,
RES-2001-02R4,RT0603BRD072R4L,Yageo,RES 2.4 OHM 0.1W 0.10% SMD 0603 ,g-res:R,Resistor_SMD:R_0603_1608Metric,2.4,75V,0.1W,0.1%,https://www.yageo.com/upload/media/product/app/datasheet/rchip/pyu-rt_1-to-0.01_rohs_l.pdf,Thin Film,0603,1.6mm,0.8mm,0.55mm,SMD,25ppm,,,,,,
RES-2001-02R7,RT0603BRD072R7L,Yageo,RES 2.7 OHM 0.1W 0.10% SMD 0603 ,g-res:R,Resistor_SMD:R_0603_1608Metric,2.7,75V,0.1W,0.1%,https://www.yageo.com/upload/media/product/app/datasheet/rchip/pyu-rt_1-to-0.01_rohs_l.pdf,Thin Film,0603,1.6mm,0.8mm,0.55mm,SMD,25ppm,,,,,,
RES-2001-003R,RT0603BRD073RL,Yageo,RES 3 OHM 0.1W 0.10% SMD 0603 ,g-res:R,Resistor_SMD:R_0603_1608Metric,3,75V,0.1W,0.1%,https://www.yageo.com/upload/media/product/app/datasheet/rchip/pyu-rt_1-to-0.01_rohs_l.pdf,Thin Film,0603,1.6mm,0.8mm,0.55mm,SMD,25ppm,,,,,,
RES-2001-03R3,RT0603BRD073R3L,Yageo,RES 3.3 OHM 0.1W 0.10% SMD 0603 ,g-res:R,Resistor_SMD:R_0603_1608Metric,3.3,75V,0.1W,0.1%,https://www.yageo.com/upload/media/product/app/datasheet/rchip/pyu-rt_1-to-0.01_rohs_l.pdf,Thin Film,0603,1.6mm,0.8mm,0.55mm,SMD,25ppm,,,,,,
RES-2001-03R6,RT0603BRD073R6L,Yageo,RES 3.6 OHM 0.1W 0.10% SMD 0603 ,g-res:R,Resistor_SMD:R_0603_1608Metric,3.6,75V,0.1W,0.1%,https://www.yageo.com/upload/media/product/app/datasheet/rchip/pyu-rt_1-to-0.01_rohs_l.pdf,Thin Film,0603,1.6mm,0.8mm,0.55mm,SMD,25ppm,,,,,,
RES-2001-03R9,RT0603BRD073R9L,Yageo,RES 3.9 OHM 0.1W 0.10% SMD 0603 ,g-res:R,Resistor_SMD:R_0603_1608Metric,3.9,75V,0.1W,0.1%,https://www.yageo.com/upload/media/product/app/datasheet/rchip/pyu-rt_1-to-0.01_rohs_l.pdf,Thin Film,0603,1.6mm,0.8mm,0.55mm,SMD,25ppm,,,,,,
RES-2001-04R3,RT0603BRD074R3L,Yageo,RES 4.3 OHM 0.1W 0.10% SMD 0603 ,g-res:R,Resistor_SMD:R_0603_1608Metric,4.3,75V,0.1W,0.1%,https://www.yageo.com/upload/media/product/app/datasheet/rchip/pyu-rt_1-to-0.01_rohs_l.pdf,Thin Film,0603,1.6mm,0.8mm,0.55mm,SMD,25ppm,,,,,,
RES-2001-04R7,RT0603BRD074R7L,Yageo,RES 4.7 OHM 0.1W 0.10% SMD 0603 ,g-res:R,Resistor_SMD:R_0603_1608Metric,4.7,75V,0.1W,0.1%,https://www.yageo.com/upload/media/product/app/datasheet/rchip/pyu-rt_1-to-0.01_rohs_l.pdf,Thin Film,0603,1.6mm,0.8mm,0.55mm,SMD,25ppm,,,,,,
RES-2001-05R1,RT0603BRD075R1L,Yageo,RES 5.1 OHM 0.1W 0.10% SMD 0603 ,g-res:R,Resistor_SMD:R_0603_1608Metric,5.1,75V,0.1W,0.1%,https://www.yageo.com/upload/media/product/app/datasheet/rchip/pyu-rt_1-to-0.01_rohs_l.pdf,Thin Film,0603,1.6mm,0.8mm,0.55mm,SMD,25ppm,,,,,,
RES-2001-05R6,RT0603BRD075R6L,Yageo,RES 5.6 OHM 0.1W 0.10% SMD 0603 ,g-res:R,Resistor_SMD:R_0603_1608Metric,5.6,75V,0.1W,0.1%,https://www.yageo.com/upload/media/product/app/datasheet/rchip/pyu-rt_1-to-0.01_rohs_l.pdf,Thin Film,0603,1.6mm,0.8mm,0.55mm,SMD,25ppm,,,,,,
RES-2001-06R2,RT0603BRD076R2L,Yageo,RES 6.2 OHM 0.1W 0.10% SMD 0603 ,g-res:R,Resistor_SMD:R_0603_1608Metric,6.2,75V,0.1W,0.1%,https://www.yageo.com/upload/media/product/app/datasheet/rchip/pyu-rt_1-to-0.01_rohs_l.pdf,Thin Film,0603,1.6mm,0.8mm,0.55mm,SMD,25ppm,,,,,,
RES-2001-06R8,RT0603BRD076R8L,Yageo,RES 6.8 OHM 0.1W 0.10% SMD 0603 ,g-res:R,Resistor_SMD:R_0603_1608Metric,6.8,75V,0.1W,0.1%,https://www.yageo.com/upload/media/product/app/datasheet/rchip/pyu-rt_1-to-0.01_rohs_l.pdf,Thin Film,0603,1.6mm,0.8mm,0.55mm,SMD,25ppm,,,,,,
RES-2001-07R5,RT0603BRD077R5L,Yageo,RES 7.5 OHM 0.1W 0.10% SMD 0603 ,g-res:R,Resistor_SMD:R_0603_1608Metric,7.5,75V,0.1W,0.1%,https://www.yageo.com/upload/media/product/app/datasheet/rchip/pyu-rt_1-to-0.01_rohs_l.pdf,Thin Film,0603,1.6mm,0.8mm,0.55mm,SMD,25ppm,,,,,,
RES-2001-08R2,RT0603BRD078R2L,Yageo,RES 8.2 OHM 0.1W 0.10% SMD 0603 ,g-res:R,Resistor_SMD:R_0603_1608Metric,8.2,75V,0.1W,0.1%,https://www.yageo.com/upload/media/product/app/datasheet/rchip/pyu-rt_1-to-0.01_rohs_l.pdf,Thin Film,0603,1.6mm,0.8mm,0.55mm,SMD,25ppm,,,,,,
RES-2001-09R1,RT0603BRD079R1L,Yageo,RES 9.1 OHM 0.1W 0.10% SMD 0603 ,g-res:R,Resistor_SMD:R_0603_1608Metric,9.1,75V,0.1W,0.1%,https://www.yageo.com/upload/media/product/app/datasheet/rchip/pyu-rt_1-to-0.01_rohs_l.pdf,Thin Film,0603,1.6mm,0.8mm,0.55mm,SMD,25ppm,,,,,,
RES-2001-010R,RT0603BRD0710RL,Yageo,RES 10 OHM 0.1W 0.10% SMD 0603 ,g-res:R,Resistor_SMD:R_0603_1608Metric,10,75V,0.1W,0.1%,https://www.yageo.com/upload/media/product/app/datasheet/rchip/pyu-rt_1-to-0.01_rohs_l.pdf,Thin Film,0603,1.6mm,0.8mm,0.55mm,SMD,25ppm,,,,,,
RES-2001-011R,RT0603BRD0711RL,Yageo,RES 11 OHM 0.1W 0.10% SMD 0603 ,g-res:R,Resistor_SMD:R_0603_1608Metric,11,75V,0.1W,0.1%,https://www.yageo.com/upload/media/product/app/datasheet/rchip/pyu-rt_1-to-0.01_rohs_l.pdf,Thin Film,0603,1.6mm,0.8mm,0.55mm,SMD,25ppm,,,,,,
RES-2001-012R,RT0603BRD0712RL,Yageo,RES 12 OHM 0.1W 0.10% SMD 0603 ,g-res:R,Resistor_SMD:R_0603_1608Metric,12,75V,0.1W,0.1%,https://www.yageo.com/upload/media/product/app/datasheet/rchip/pyu-rt_1-to-0.01_rohs_l.pdf,Thin Film,0603,1.6mm,0.8mm,0.55mm,SMD,25ppm,,,,,,
RES-2001-013R,RT0603BRD0713RL,Yageo,RES 13 OHM 0.1W 0.10% SMD 0603 ,g-res:R,Resistor_SMD:R_0603_1608Metric,13,75V,0.1W,0.1%,https://www.yageo.com/upload/media/product/app/datasheet/rchip/pyu-rt_1-to-0.01_rohs_l.pdf,Thin Film,0603,1.6mm,0.8mm,0.55mm,SMD,25ppm,,,,,,
RES-2001-015R,RT0603BRD0715RL,Yageo,RES 15 OHM 0.1W 0.10% SMD 0603 ,g-res:R,Resistor_SMD:R_0603_1608Metric,15,75V,0.1W,0.1%,https://www.yageo.com/upload/media/product/app/datasheet/rchip/pyu-rt_1-to-0.01_rohs_l.pdf,Thin Film,0603,1.6mm,0.8mm,0.55mm,SMD,25ppm,,,,,,
RES-2001-016R,RT0603BRD0716RL,Yageo,RES 16 OHM 0.1W 0.10% SMD 0603 ,g-res:R,Resistor_SMD:R_0603_1608Metric,16,75V,0.1W,0.1%,https://www.yageo.com/upload/media/product/app/datasheet/rchip/pyu-rt_1-to-0.01_rohs_l.pdf,Thin Film,0603,1.6mm,0.8mm,0.55mm,SMD,25ppm,,,,,,
RES-2001-018R,RT0603BRD0718RL,Yageo,RES 18 OHM 0.1W 0.10% SMD 0603 ,g-res:R,Resistor_SMD:R_0603_1608Metric,18,75V,0.1W,0.1%,https://www.yageo.com/upload/media/product/app/datasheet/rchip/pyu-rt_1-to-0.01_rohs_l.pdf,Thin Film,0603,1.6mm,0.8mm,0.55mm,SMD,25ppm,,,,,,
RES-2001-020R,RT0603BRD0720RL,Yageo,RES 20 OHM 0.1W 0.10% SMD 0603 ,g-res:R,Resistor_SMD:R_0603_1608Metric,20,75V,0.1W,0.1%,https://www.yageo.com/upload/media/product/app/datasheet/rchip/pyu-rt_1-to-0.01_rohs_l.pdf,Thin Film,0603,1.6mm,0.8mm,0.55mm,SMD,25ppm,,,,,,
RES-2001-022R,RT0603BRD0722RL,Yageo,RES 22 OHM 0.1W 0.10% SMD 0603 ,g-res:R,Resistor_SMD:R_0603_1608Metric,22,75V,0.1W,0.1%,https://www.yageo.com/upload/media/product/app/datasheet/rchip/pyu-rt_1-to-0.01_rohs_l.pdf,Thin Film,0603,1.6mm,0.8mm,0.55mm,SMD,25ppm,,,,,,
RES-2001-024R,RT0603BRD0724RL,Yageo,RES 24 OHM 0.1W 0.10% SMD 0603 ,g-res:R,Resistor_SMD:R_0603_1608Metric,24,75V,0.1W,0.1%,https://www.yageo.com/upload/media/product/app/datasheet/rchip/pyu-rt_1-to-0.01_rohs_l.pdf,Thin Film,0603,1.6mm,0.8mm,0.55mm,SMD,25ppm,,,,,,
RES-2001-027R,RT0603BRD0727RL,Yageo,RES 27 OHM 0.1W 0.10% SMD 0603 ,g-res:R,Resistor_SMD:R_0603_1608Metric,27,75V,0.1W,0.1%,https://www.yageo.com/upload/media/product/app/datasheet/rchip/pyu-rt_1-to-0.01_rohs_l.pdf,Thin Film,0603,1.6mm,0.8mm,0.55mm,SMD,25ppm,,,,,,
RES-2001-030R,RT0603BRD0730RL,Yageo,RES 30 OHM 0.1W 0.10% SMD 0603 ,g-res:R,Resistor_SMD:R_0603_1608Metric,30,75V,0.1W,0.1%,https://www.yageo.com/upload/media/product/app/datasheet/rchip/pyu-rt_1-to-0.01_rohs_l.pdf,Thin Film,0603,1.6mm,0.8mm,0.55mm,SMD,25ppm,,,,,,
RES-2001-033R,RT0603BRD0733RL,Yageo,RES 33 OHM 0.1W 0.10% SMD 0603 ,g-res:R,Resistor_SMD:R_0603_1608Metric,33,75V,0.1W,0.1%,https://www.yageo.com/upload/media/product/app/datasheet/rchip/pyu-rt_1-to-0.01_rohs_l.pdf,Thin Film,0603,1.6mm,0.8mm,0.55mm,SMD,25ppm,,,,,,
RES-2001-036R,RT0603BRD0736RL,Yageo,RES 36 OHM 0.1W 0.10% SMD 0603 ,g-res:R,Resistor_SMD:R_0603_1608Metric,36,75V,0.1W,0.1%,https://www.yageo.com/upload/media/product/app/datasheet/rchip/pyu-rt_1-to-0.01_rohs_l.pdf,Thin Film,0603,1.6mm,0.8mm,0.55mm,SMD,25ppm,,,,,,
RES-2001-039R,RT0603BRD0739RL,Yageo,RES 39 OHM 0.1W 0.10% SMD 0603 ,g-res:R,Resistor_SMD:R_0603_1608Metric,39,75V,0.1W,0.1%,https://www.yageo.com/upload/media/product/app/datasheet/rchip/pyu-rt_1-to-0.01_rohs_l.pdf,Thin Film,0603,1.6mm,0.8mm,0.55mm,SMD,25ppm,,,,,,
RES-2001-043R,RT0603BRD0743RL,Yageo,RES 43 OHM 0.1W 0.10% SMD 0603 ,g-res:R,Resistor_SMD:R_0603_1608Metric,43,75V,0.1W,0.1%,https://www.yageo.com/upload/media/product/app/datasheet/rchip/pyu-rt_1-to-0.01_rohs_l.pdf,Thin Film,0603,1.6mm,0.8mm,0.55mm,SMD,25ppm,,,,,,
RES-2001-047R,RT0603BRD0747RL,Yageo,RES 47 OHM 0.1W 0.10% SMD 0603 ,g-res:R,Resistor_SMD:R_0603_1608Metric,47,75V,0.1W,0.1%,https://www.yageo.com/upload/media/product/app/datasheet/rchip/pyu-rt_1-to-0.01_rohs_l.pdf,Thin Film,0603,1.6mm,0.8mm,0.55mm,SMD,25ppm,,,,,,
RES-2001-051R,RT0603BRD0751RL,Yageo,RES 51 OHM 0.1W 0.10% SMD 0603 ,g-res:R,Resistor_SMD:R_0603_1608Metric,51,75V,0.1W,0.1%,https://www.yageo.com/upload/media/product/app/datasheet/rchip/pyu-rt_1-to-0.01_rohs_l.pdf,Thin Film,0603,1.6mm,0.8mm,0.55mm,SMD,25ppm,,,,,,
RES-2001-056R,RT0603BRD0756RL,Yageo,RES 56 OHM 0.1W 0.10% SMD 0603 ,g-res:R,Resistor_SMD:R_0603_1608Metric,56,75V,0.1W,0.1%,https://www.yageo.com/upload/media/product/app/datasheet/rchip/pyu-rt_1-to-0.01_rohs_l.pdf,Thin Film,0603,1.6mm,0.8mm,0.55mm,SMD,25ppm,,,,,,
RES-2001-062R,RT0603BRD0762RL,Yageo,RES 62 OHM 0.1W 0.10% SMD 0603 ,g-res:R,Resistor_SMD:R_0603_1608Metric,62,75V,0.1W,0.1%,https://www.yageo.com/upload/media/product/app/datasheet/rchip/pyu-rt_1-to-0.01_rohs_l.pdf,Thin Film,0603,1.6mm,0.8mm,0.55mm,SMD,25ppm,,,,,,
RES-2001-068R,RT0603BRD0768RL,Yageo,RES 68 OHM 0.1W 0.10% SMD 0603 ,g-res:R,Resistor_SMD:R_0603_1608Metric,68,75V,0.1W,0.1%,https://www.yageo.com/upload/media/product/app/datasheet/rchip/pyu-rt_1-to-0.01_rohs_l.pdf,Thin Film,0603,1.6mm,0.8mm,0.55mm,SMD,25ppm,,,,,,
RES-2001-075R,RT0603BRD0775RL,Yageo,RES 75 OHM 0.1W 0.10% SMD 0603 ,g-res:R,Resistor_SMD:R_0603_1608Metric,75,75V,0.1W,0.1%,https://www.yageo.com/upload/media/product/app/datasheet/rchip/pyu-rt_1-to-0.01_rohs_l.pdf,Thin Film,0603,1.6mm,0.8mm,0.55mm,SMD,25ppm,,,,,,
RES-2001-082R,RT0603BRD0782RL,Yageo,RES 82 OHM 0.1W 0.10% SMD 0603 ,g-res:R,Resistor_SMD:R_0603_1608Metric,82,75V,0.1W,0.1%,https://www.yageo.com/upload/media/product/app/datasheet/rchip/pyu-rt_1-to-0.01_rohs_l.pdf,Thin Film,0603,1.6mm,0.8mm,0.55mm,SMD,25ppm,,,,,,
RES-2001-091R,RT0603BRD0791RL,Yageo,RES 91 OHM 0.1W 0.10% SMD 0603 ,g-res:R,Resistor_SMD:R_0603_1608Metric,91,75V,0.1W,0.1%,https://www.yageo.com/upload/media/product/app/datasheet/rchip/pyu-rt_1-to-0.01_rohs_l.pdf,Thin Film,0603,1.6mm,0.8mm,0.55mm,SMD,25ppm,,,,,,
RES-2001-100R,RT0603BRD07100RL,Yageo,RES 100 OHM 0.1W 0.10% SMD 0603 ,g-res:R,Resistor_SMD:R_0603_1608Metric,100,75V,0.1W,0.1%,https://www.yageo.com/upload/media/product/app/datasheet/rchip/pyu-rt_1-to-0.01_rohs_l.pdf,Thin Film,0603,1.6mm,0.8mm,0.55mm,SMD,25ppm,,,,,,
RES-2001-110R,RT0603BRD07110RL,Yageo,RES 110 OHM 0.1W 0.10% SMD 0603 ,g-res:R,Resistor_SMD:R_0603_1608Metric,110,75V,0.1W,0.1%,https://www.yageo.com/upload/media/product/app/datasheet/rchip/pyu-rt_1-to-0.01_rohs_l.pdf,Thin Film,0603,1.6mm,0.8mm,0.55mm,SMD,25ppm,,,,,,
RES-2001-120R,RT0603BRD07120RL,Yageo,RES 120 OHM 0.1W 0.10% SMD 0603 ,g-res:R,Resistor_SMD:R_0603_1608Metric,120,75V,0.1W,0.1%,https://www.yageo.com/upload/media/product/app/datasheet/rchip/pyu-rt_1-to-0.01_rohs_l.pdf,Thin Film,0603,1.6mm,0.8mm,0.55mm,SMD,25ppm,,,,,,
RES-2001-130R,RT0603BRD07130RL,Yageo,RES 130 OHM 0.1W 0.10% SMD 0603 ,g-res:R,Resistor_SMD:R_0603_1608Metric,130,75V,0.1W,0.1%,https://www.yageo.com/upload/media/product/app/datasheet/rchip/pyu-rt_1-to-0.01_rohs_l.pdf,Thin Film,0603,1.6mm,0.8mm,0.55mm,SMD,25ppm,,,,,,
RES-2001-150R,RT0603BRD07150RL,Yageo,RES 150 OHM 0.1W 0.10% SMD 0603 ,g-res:R,Resistor_SMD:R_0603_1608Metric,150,75V,0.1W,0.1%,https://www.yageo.com/upload/media/product/app/datasheet/rchip/pyu-rt_1-to-0.01_rohs_l.pdf,Thin Film,0603,1.6mm,0.8mm,0.55mm,SMD,25ppm,,,,,,
RES-2001-160R,RT0603BRD07160RL,Yageo,RES 160 OHM 0.1W 0.10% SMD 0603 ,g-res:R,Resistor_SMD:R_0603_1608Metric,160,75V,0.1W,0.1%,https://www.yageo.com/upload/media/product/app/datasheet/rchip/pyu-rt_1-to-0.01_rohs_l.pdf,Thin Film,0603,1.6mm,0.8mm,0.55mm,SMD,25ppm,,,,,,
RES-2001-180R,RT0603BRD07180RL,Yageo,RES 180 OHM 0.1W 0.10% SMD 0603 ,g-res:R,Resistor_SMD:R_0603_1608Metric,180,75V,0.1W,0.1%,https://www.yageo.com/upload/media/product/app/datasheet/rchip/pyu-rt_1-to-0.01_rohs_l.pdf,Thin Film,0603,1.6mm,0.8mm,0.55mm,SMD,25ppm,,,,,,
RES-2001-200R,RT0603BRD07200RL,Yageo,RES 200 OHM 0.1W 0.10% SMD 0603 ,g-res:R,Resistor_SMD:R_0603_1608Metric,200,75V,0.1W,0.1%,https://www.yageo.com/upload/media/product/app/datasheet/rchip/pyu-rt_1-to-0.01_rohs_l.pdf,Thin Film,0603,1.6mm,0.8mm,0.55mm,SMD,25ppm,,,,,,
RES-2001-220R,RT0603BRD07220RL,Yageo,RES 220 OHM 0.1W 0.10% SMD 0603 ,g-res:R,Resistor_SMD:R_0603_1608Metric,220,75V,0.1W,0.1%,https://www.yageo.com/upload/media/product/app/datasheet/rchip/pyu-rt_1-to-0.01_rohs_l.pdf,Thin Film,0603,1.6mm,0.8mm,0.55mm,SMD,25ppm,,,,,,
RES-2001-240R,RT0603BRD07240RL,Yageo,RES 240 OHM 0.1W 0.10% SMD 0603 ,g-res:R,Resistor_SMD:R_0603_1608Metric,240,75V,0.1W,0.1%,https://www.yageo.com/upload/media/product/app/datasheet/rchip/pyu-rt_1-to-0.01_rohs_l.pdf,Thin Film,0603,1.6mm,0.8mm,0.55mm,SMD,25ppm,,,,,,
RES-2001-270R,RT0603BRD07270RL,Yageo,RES 270 OHM 0.1W 0.10% SMD 0603 ,g-res:R,Resistor_SMD:R_0603_1608Metric,270,75V,0.1W,0.1%,https://www.yageo.com/upload/media/product/app/datasheet/rchip/pyu-rt_1-to-0.01_rohs_l.pdf,Thin Film,0603,1.6mm,0.8mm,0.55mm,SMD,25ppm,,,,,,
RES-2001-300R,RT0603BRD07300RL,Yageo,RES 300 OHM 0.1W 0.10% SMD 0603 ,g-res:R,Resistor_SMD:R_0603_1608Metric,300,75V,0.1W,0.1%,https://www.yageo.com/upload/media/product/app/datasheet/rchip/pyu-rt_1-to-0.01_rohs_l.pdf,Thin Film,0603,1.6mm,0.8mm,0.55mm,SMD,25ppm,,,,,,
RES-2001-330R,RT0603BRD07330RL,Yageo,RES 330 OHM 0.1W 0.10% SMD 0603 ,g-res:R,Resistor_SMD:R_0603_1608Metric,330,75V,0.1W,0.1%,https://www.yageo.com/upload/media/product/app/datasheet/rchip/pyu-rt_1-to-0.01_rohs_l.pdf,Thin Film,0603,1.6mm,0.8mm,0.55mm,SMD,25ppm,,,,,,
RES-2001-360R,RT0603BRD07360RL,Yageo,RES 360 OHM 0.1W 0.10% SMD 0603 ,g-res:R,Resistor_SMD:R_0603_1608Metric,360,75V,0.1W,0.1%,https://www.yageo.com/upload/media/product/app/datasheet/rchip/pyu-rt_1-to-0.01_rohs_l.pdf,Thin Film,0603,1.6mm,0.8mm,0.55mm,SMD,25ppm,,,,,,
RES-2001-390R,RT0603BRD07390RL,Yageo,RES 390 OHM 0.1W 0.10% SMD 0603 ,g-res:R,Resistor_SMD:R_0603_1608Metric,390,75V,0.1W,0.1%,https://www.yageo.com/upload/media/product/app/datasheet/rchip/pyu-rt_1-to-0.01_rohs_l.pdf,Thin Film,0603,1.6mm,0.8mm,0.55mm,SMD,25ppm,,,,,,
RES-2001-430R,RT0603BRD07430RL,Yageo,RES 430 OHM 0.1W 0.10% SMD 0603 ,g-res:R,Resistor_SMD:R_0603_1608Metric,430,75V,0.1W,0.1%,https://www.yageo.com/upload/media/product/app/datasheet/rchip/pyu-rt_1-to-0.01_rohs_l.pdf,Thin Film,0603,1.6mm,0.8mm,0.55mm,SMD,25ppm,,,,,,
RES-2001-470R,RT0603BRD07470RL,Yageo,RES 470 OHM 0.1W 0.10% SMD 0603 ,g-res:R,Resistor_SMD:R_0603_1608Metric,470,75V,0.1W,0.1%,https://www.yageo.com/upload/media/product/app/datasheet/rchip/pyu-rt_1-to-0.01_rohs_l.pdf,Thin Film,0603,1.6mm,0.8mm,0.55mm,SMD,25ppm,,,,,,
RES-2001-510R,RT0603BRD07510RL,Yageo,RES 510 OHM 0.1W 0.10% SMD 0603 ,g-res:R,Resistor_SMD:R_0603_1608Metric,510,75V,0.1W,0.1%,https://www.yageo.com/upload/media/product/app/datasheet/rchip/pyu-rt_1-to-0.01_rohs_l.pdf,Thin Film,0603,1.6mm,0.8mm,0.55mm,SMD,25ppm,,,,,,
RES-2001-560R,RT0603BRD07560RL,Yageo,RES 560 OHM 0.1W 0.10% SMD 0603 ,g-res:R,Resistor_SMD:R_0603_1608Metric,560,75V,0.1W,0.1%,https://www.yageo.com/upload/media/product/app/datasheet/rchip/pyu-rt_1-to-0.01_rohs_l.pdf,Thin Film,0603,1.6mm,0.8mm,0.55mm,SMD,25ppm,,,,,,
RES-2001-620R,RT0603BRD07620RL,Yageo,RES 620 OHM 0.1W 0.10% SMD 0603 ,g-res:R,Resistor_SMD:R_0603_1608Metric,620,75V,0.1W,0.1%,https://www.yageo.com/upload/media/product/app/datasheet/rchip/pyu-rt_1-to-0.01_rohs_l.pdf,Thin Film,0603,1.6mm,0.8mm,0.55mm,SMD,25ppm,,,,,,
RES-2001-680R,RT0603BRD07680RL,Yageo,RES 680 OHM 0.1W 0.10% SMD 0603 ,g-res:R,Resistor_SMD:R_0603_1608Metric,680,75V,0.1W,0.1%,https://www.yageo.com/upload/media/product/app/datasheet/rchip/pyu-rt_1-to-0.01_rohs_l.pdf,Thin Film,0603,1.6mm,0.8mm,0.55mm,SMD,25ppm,,,,,,
RES-2001-750R,RT0603BRD07750RL,Yageo,RES 750 OHM 0.1W 0.10% SMD 0603 ,g-res:R,Resistor_SMD:R_0603_1608Metric,750,75V,0.1W,0.1%,https://www.yageo.com/upload/media/product/app/datasheet/rchip/pyu-rt_1-to-0.01_rohs_l.pdf,Thin Film,0603,1.6mm,0.8mm,0.55mm,SMD,25ppm,,,,,,
RES-2001-820R,RT0603BRD07820RL,Yageo,RES 820 OHM 0.1W 0.10% SMD 0603 ,g-res:R,Resistor_SMD:R_0603_1608Metric,820,75V,0.1W,0.1%,https://www.yageo.com/upload/media/product/app/datasheet/rchip/pyu-rt_1-to-0.01_rohs_l.pdf,Thin Film,0603,1.6mm,0.8mm,0.55mm,SMD,25ppm,,,,,,
RES-2001-910R,RT0603BRD07910RL,Yageo,RES 910 OHM 0.1W 0.10% SMD 0603 ,g-res:R,Resistor_SMD:R_0603_1608Metric,910,75V,0.1W,0.1%,https://www.yageo.com/upload/media/product/app/datasheet/rchip/pyu-rt_1-to-0.01_rohs_l.pdf,Thin Film,0603,1.6mm,0.8mm,0.55mm,SMD,25ppm,,,,,,
RES-2001-001K,RT0603BRD071KL,Yageo,RES 1k OHM 0.1W 0.10% SMD 0603 ,g-res:R,Resistor_SMD:R_0603_1608Metric,1k,75V,0.1W,0.1%,https://www.yageo.com/upload/media/product/app/datasheet/rchip/pyu-rt_1-to-0.01_rohs_l.pdf,Thin Film,0603,1.6mm,0.8mm,0.55mm,SMD,25ppm,,,,,,
RES-2001-01K1,RT0603BRD071K1L,Yageo,RES 1.1k OHM 0.1W 0.10% SMD 0603 ,g-res:R,Resistor_SMD:R_0603_1608Metric,1.1k,75V,0.1W,0.1%,https://www.yageo.com/upload/media/product/app/datasheet/rchip/pyu-rt_1-to-0.01_rohs_l.pdf,Thin Film,0603,1.6mm,0.8mm,0.55mm,SMD,25ppm,,,,,,
RES-2001-01K2,RT0603BRD071K2L,Yageo,RES 1.2k OHM 0.1W 0.10% SMD 0603 ,g-res:R,Resistor_SMD:R_0603_1608Metric,1.2k,75V,0.1W,0.1%,https://www.yageo.com/upload/media/product/app/datasheet/rchip/pyu-rt_1-to-0.01_rohs_l.pdf,Thin Film,0603,1.6mm,0.8mm,0.55mm,SMD,25ppm,,,,,,
RES-2001-01K3,RT0603BRD071K3L,Yageo,RES 1.3k OHM 0.1W 0.10% SMD 0603 ,g-res:R,Resistor_SMD:R_0603_1608Metric,1.3k,75V,0.1W,0.1%,https://www.yageo.com/upload/media/product/app/datasheet/rchip/pyu-rt_1-to-0.01_rohs_l.pdf,Thin Film,0603,1.6mm,0.8mm,0.55mm,SMD,25ppm,,,,,,
RES-2001-01K5,RT0603BRD071K5L,Yageo,RES 1.5k OHM 0.1W 0.10% SMD 0603 ,g-res:R,Resistor_SMD:R_0603_1608Metric,1.5k,75V,0.1W,0.1%,https://www.yageo.com/upload/media/product/app/datasheet/rchip/pyu-rt_1-to-0.01_rohs_l.pdf,Thin Film,0603,1.6mm,0.8mm,0.55mm,SMD,25ppm,,,,,,
RES-2001-01K6,RT0603BRD071K6L,Yageo,RES 1.6k OHM 0.1W 0.10% SMD 0603 ,g-res:R,Resistor_SMD:R_0603_1608Metric,1.6k,75V,0.1W,0.1%,https://www.yageo.com/upload/media/product/app/datasheet/rchip/pyu-rt_1-to-0.01_rohs_l.pdf,Thin Film,0603,1.6mm,0.8mm,0.55mm,SMD,25ppm,,,,,,
RES-2001-01K8,RT0603BRD071K8L,Yageo,RES 1.8k OHM 0.1W 0.10% SMD 0603 ,g-res:R,Resistor_SMD:R_0603_1608Metric,1.8k,75V,0.1W,0.1%,https://www.yageo.com/upload/media/product/app/datasheet/rchip/pyu-rt_1-to-0.01_rohs_l.pdf,Thin Film,0603,1.6mm,0.8mm,0.55mm,SMD,25ppm,,,,,,
RES-2001-002K,RT0603BRD072KL,Yageo,RES 2k OHM 0.1W 0.10% SMD 0603 ,g-res:R,Resistor_SMD:R_0603_1608Metric,2k,75V,0.1W,0.1%,https://www.yageo.com/upload/media/product/app/datasheet/rchip/pyu-rt_1-to-0.01_rohs_l.pdf,Thin Film,0603,1.6mm,0.8mm,0.55mm,SMD,25ppm,,,,,,
RES-2001-02K2,RT0603BRD072K2L,Yageo,RES 2.2k OHM 0.1W 0.10% SMD 0603 ,g-res:R,Resistor_SMD:R_0603_1608Metric,2.2k,75V,0.1W,0.1%,https://www.yageo.com/upload/media/product/app/datasheet/rchip/pyu-rt_1-to-0.01_rohs_l.pdf,Thin Film,0603,1.6mm,0.8mm,0.55mm,SMD,25ppm,,,,,,
RES-2001-02K4,RT0603BRD072K4L,Yageo,RES 2.4k OHM 0.1W 0.10% SMD 0603 ,g-res:R,Resistor_SMD:R_0603_1608Metric,2.4k,75V,0.1W,0.1%,https://www.yageo.com/upload/media/product/app/datasheet/rchip/pyu-rt_1-to-0.01_rohs_l.pdf,Thin Film,0603,1.6mm,0.8mm,0.55mm,SMD,25ppm,,,,,,
RES-2001-02K7,RT0603BRD072K7L,Yageo,RES 2.7k OHM 0.1W 0.10% SMD 0603 ,g-res:R,Resistor_SMD:R_0603_1608Metric,2.7k,75V,0.1W,0.1%,https://www.yageo.com/upload/media/product/app/datasheet/rchip/pyu-rt_1-to-0.01_rohs_l.pdf,Thin Film,0603,1.6mm,0.8mm,0.55mm,SMD,25ppm,,,,,,
RES-2001-003K,RT0603BRD073KL,Yageo,RES 3k OHM 0.1W 0.10% SMD 0603 ,g-res:R,Resistor_SMD:R_0603_1608Metric,3k,75V,0.1W,0.1%,https://www.yageo.com/upload/media/product/app/datasheet/rchip/pyu-rt_1-to-0.01_rohs_l.pdf,Thin Film,0603,1.6mm,0.8mm,0.55mm,SMD,25ppm,,,,,,
RES-2001-03K3,RT0603BRD073K3L,Yageo,RES 3.3k OHM 0.1W 0.10% SMD 0603 ,g-res:R,Resistor_SMD:R_0603_1608Metric,3.3k,75V,0.1W,0.1%,https://www.yageo.com/upload/media/product/app/datasheet/rchip/pyu-rt_1-to-0.01_rohs_l.pdf,Thin Film,0603,1.6mm,0.8mm,0.55mm,SMD,25ppm,,,,,,
RES-2001-03K6,RT0603BRD073K6L,Yageo,RES 3.6k OHM 0.1W 0.10% SMD 0603 ,g-res:R,Resistor_SMD:R_0603_1608Metric,3.6k,75V,0.1W,0.1%,https://www.yageo.com/upload/media/product/app/datasheet/rchip/pyu-rt_1-to-0.01_rohs_l.pdf,Thin Film,0603,1.6mm,0.8mm,0.55mm,SMD,25ppm,,,,,,
RES-2001-03K9,RT0603BRD073K9L,Yageo,RES 3.9k OHM 0.1W 0.10% SMD 0603 ,g-res:R,Resistor_SMD:R_0603_1608Metric,3.9k,75V,0.1W,0.1%,https://www.yageo.com/upload/media/product/app/datasheet/rchip/pyu-rt_1-to-0.01_rohs_l.pdf,Thin Film,0603,1.6mm,0.8mm,0.55mm,SMD,25ppm,,,,,,
RES-2001-04K3,RT0603BRD074K3L,Yageo,RES 4.3k OHM 0.1W 0.10% SMD 0603 ,g-res:R,Resistor_SMD:R_0603_1608Metric,4.3k,75V,0.1W,0.1%,https://www.yageo.com/upload/media/product/app/datasheet/rchip/pyu-rt_1-to-0.01_rohs_l.pdf,Thin Film,0603,1.6mm,0.8mm,0.55mm,SMD,25ppm,,,,,,
RES-2001-04K7,RT0603BRD074K7L,Yageo,RES 4.7k OHM 0.1W 0.10% SMD 0603 ,g-res:R,Resistor_SMD:R_0603_1608Metric,4.7k,75V,0.1W,0.1%,https://www.yageo.com/upload/media/product/app/datasheet/rchip/pyu-rt_1-to-0.01_rohs_l.pdf,Thin Film,0603,1.6mm,0.8mm,0.55mm,SMD,25ppm,,,,,,
RES-2001-05K1,RT0603BRD075K1L,Yageo,RES 5.1k OHM 0.1W 0.10% SMD 0603 ,g-res:R,Resistor_SMD:R_0603_1608Metric,5.1k,75V,0.1W,0.1%,https://www.yageo.com/upload/media/product/app/datasheet/rchip/pyu-rt_1-to-0.01_rohs_l.pdf,Thin Film,0603,1.6mm,0.8mm,0.55mm,SMD,25ppm,,,,,,
RES-2001-05K6,RT0603BRD075K6L,Yageo,RES 5.6k OHM 0.1W 0.10% SMD 0603 ,g-res:R,Resistor_SMD:R_0603_1608Metric,5.6k,75V,0.1W,0.1%,https://www.yageo.com/upload/media/product/app/datasheet/rchip/pyu-rt_1-to-0.01_rohs_l.pdf,Thin Film,0603,1.6mm,0.8mm,0.55mm,SMD,25ppm,,,,,,
RES-2001-06K2,RT0603BRD076K2L,Yageo,RES 6.2k OHM 0.1W 0.10% SMD 0603 ,g-res:R,Resistor_SMD:R_0603_1608Metric,6.2k,75V,0.1W,0.1%,https://www.yageo.com/upload/media/product/app/datasheet/rchip/pyu-rt_1-to-0.01_rohs_l.pdf,Thin Film,0603,1.6mm,0.8mm,0.55mm,SMD,25ppm,,,,,,
RES-2001-06K8,RT0603BRD076K8L,Yageo,RES 6.8k OHM 0.1W 0.10% SMD 0603 ,g-res:R,Resistor_SMD:R_0603_1608Metric,6.8k,75V,0.1W,0.1%,https://www.yageo.com/upload/media/product/app/datasheet/rchip/pyu-rt_1-to-0.01_rohs_l.pdf,Thin Film,0603,1.6mm,0.8mm,0.55mm,SMD,25ppm,,,,,,
RES-2001-07K5,RT0603BRD077K5L,Yageo,RES 7.5k OHM 0.1W 0.10% SMD 0603 ,g-res:R,Resistor_SMD:R_0603_1608Metric,7.5k,75V,0.1W,0.1%,https://www.yageo.com/upload/media/product/app/datasheet/rchip/pyu-rt_1-to-0.01_rohs_l.pdf,Thin Film,0603,1.6mm,0.8mm,0.55mm,SMD,25ppm,,,,,,
RES-2001-08K2,RT0603BRD078K2L,Yageo,RES 8.2k OHM 0.1W 0.10% SMD 0603 ,g-res:R,Resistor_SMD:R_0603_1608Metric,8.2k,75V,0.1W,0.1%,https://www.yageo.com/upload/media/product/app/datasheet/rchip/pyu-rt_1-to-0.01_rohs_l.pdf,Thin Film,0603,1.6mm,0.8mm,0.55mm,SMD,25ppm,,,,,,
RES-2001-09K1,RT0603BRD079K1L,Yageo,RES 9.1k OHM 0.1W 0.10% SMD 0603 ,g-res:R,Resistor_SMD:R_0603_1608Metric,9.1k,75V,0.1W,0.1%,https://www.yageo.com/upload/media/product/app/datasheet/rchip/pyu-rt_1-to-0.01_rohs_l.pdf,Thin Film,0603,1.6mm,0.8mm,0.55mm,SMD,25ppm,,,,,,
RES-2001-010K,RT0603BRD0710KL,Yageo,RES 10k OHM 0.1W 0.10% SMD 0603 ,g-res:R,Resistor_SMD:R_0603_1608Metric,10k,75V,0.1W,0.1%,https://www.yageo.com/upload/media/product/app/datasheet/rchip/pyu-rt_1-to-0.01_rohs_l.pdf,Thin Film,0603,1.6mm,0.8mm,0.55mm,SMD,25ppm,,,,,,
RES-2001-011K,RT0603BRD0711KL,Yageo,RES 11k OHM 0.1W 0.10% SMD 0603 ,g-res:R,Resistor_SMD:R_0603_1608Metric,11k,75V,0.1W,0.1%,https://www.yageo.com/upload/media/product/app/datasheet/rchip/pyu-rt_1-to-0.01_rohs_l.pdf,Thin Film,0603,1.6mm,0.8mm,0.55mm,SMD,25ppm,,,,,,
RES-2001-012K,RT0603BRD0712KL,Yageo,RES 12k OHM 0.1W 0.10% SMD 0603 ,g-res:R,Resistor_SMD:R_0603_1608Metric,12k,75V,0.1W,0.1%,https://www.yageo.com/upload/media/product/app/datasheet/rchip/pyu-rt_1-to-0.01_rohs_l.pdf,Thin Film,0603,1.6mm,0.8mm,0.55mm,SMD,25ppm,,,,,,
RES-2001-013K,RT0603BRD0713KL,Yageo,RES 13k OHM 0.1W 0.10% SMD 0603 ,g-res:R,Resistor_SMD:R_0603_1608Metric,13k,75V,0.1W,0.1%,https://www.yageo.com/upload/media/product/app/datasheet/rchip/pyu-rt_1-to-0.01_rohs_l.pdf,Thin Film,0603,1.6mm,0.8mm,0.55mm,SMD,25ppm,,,,,,
RES-2001-015K,RT0603BRD0715KL,Yageo,RES 15k OHM 0.1W 0.10% SMD 0603 ,g-res:R,Resistor_SMD:R_0603_1608Metric,15k,75V,0.1W,0.1%,https://www.yageo.com/upload/media/product/app/datasheet/rchip/pyu-rt_1-to-0.01_rohs_l.pdf,Thin Film,0603,1.6mm,0.8mm,0.55mm,SMD,25ppm,,,,,,
RES-2001-016K,RT0603BRD0716KL,Yageo,RES 16k OHM 0.1W 0.10% SMD 0603 ,g-res:R,Resistor_SMD:R_0603_1608Metric,16k,75V,0.1W,0.1%,https://www.yageo.com/upload/media/product/app/datasheet/rchip/pyu-rt_1-to-0.01_rohs_l.pdf,Thin Film,0603,1.6mm,0.8mm,0.55mm,SMD,25ppm,,,,,,
RES-2001-018K,RT0603BRD0718KL,Yageo,RES 18k OHM 0.1W 0.10% SMD 0603 ,g-res:R,Resistor_SMD:R_0603_1608Metric,18k,75V,0.1W,0.1%,https://www.yageo.com/upload/media/product/app/datasheet/rchip/pyu-rt_1-to-0.01_rohs_l.pdf,Thin Film,0603,1.6mm,0.8mm,0.55mm,SMD,25ppm,,,,,,
RES-2001-020K,RT0603BRD0720KL,Yageo,RES 20k OHM 0.1W 0.10% SMD 0603 ,g-res:R,Resistor_SMD:R_0603_1608Metric,20k,75V,0.1W,0.1%,https://www.yageo.com/upload/media/product/app/datasheet/rchip/pyu-rt_1-to-0.01_rohs_l.pdf,Thin Film,0603,1.6mm,0.8mm,0.55mm,SMD,25ppm,,,,,,
RES-2001-022K,RT0603BRD0722KL,Yageo,RES 22k OHM 0.1W 0.10% SMD 0603 ,g-res:R,Resistor_SMD:R_0603_1608Metric,22k,75V,0.1W,0.1%,https://www.yageo.com/upload/media/product/app/datasheet/rchip/pyu-rt_1-to-0.01_rohs_l.pdf,Thin Film,0603,1.6mm,0.8mm,0.55mm,SMD,25ppm,,,,,,
RES-2001-024K,RT0603BRD0724KL,Yageo,RES 24k OHM 0.1W 0.10% SMD 0603 ,g-res:R,Resistor_SMD:R_0603_1608Metric,24k,75V,0.1W,0.1%,https://www.yageo.com/upload/media/product/app/datasheet/rchip/pyu-rt_1-to-0.01_rohs_l.pdf,Thin Film,0603,1.6mm,0.8mm,0.55mm,SMD,25ppm,,,,,,
RES-2001-027K,RT0603BRD0727KL,Yageo,RES 27k OHM 0.1W 0.10% SMD 0603 ,g-res:R,Resistor_SMD:R_0603_1608Metric,27k,75V,0.1W,0.1%,https://www.yageo.com/upload/media/product/app/datasheet/rchip/pyu-rt_1-to-0.01_rohs_l.pdf,Thin Film,0603,1.6mm,0.8mm,0.55mm,SMD,25ppm,,,,,,
RES-2001-030K,RT0603BRD0730KL,Yageo,RES 30k OHM 0.1W 0.10% SMD 0603 ,g-res:R,Resistor_SMD:R_0603_1608Metric,30k,75V,0.1W,0.1%,https://www.yageo.com/upload/media/product/app/datasheet/rchip/pyu-rt_1-to-0.01_rohs_l.pdf,Thin Film,0603,1.6mm,0.8mm,0.55mm,SMD,25ppm,,,,,,
RES-2001-033K,RT0603BRD0733KL,Yageo,RES 33k OHM 0.1W 0.10% SMD 0603 ,g-res:R,Resistor_SMD:R_0603_1608Metric,33k,75V,0.1W,0.1%,https://www.yageo.com/upload/media/product/app/datasheet/rchip/pyu-rt_1-to-0.01_rohs_l.pdf,Thin Film,0603,1.6mm,0.8mm,0.55mm,SMD,25ppm,,,,,,
RES-2001-036K,RT0603BRD0736KL,Yageo,RES 36k OHM 0.1W 0.10% SMD 0603 ,g-res:R,Resistor_SMD:R_0603_1608Metric,36k,75V,0.1W,0.1%,https://www.yageo.com/upload/media/product/app/datasheet/rchip/pyu-rt_1-to-0.01_rohs_l.pdf,Thin Film,0603,1.6mm,0.8mm,0.55mm,SMD,25ppm,,,,,,
RES-2001-039K,RT0603BRD0739KL,Yageo,RES 39k OHM 0.1W 0.10% SMD 0603 ,g-res:R,Resistor_SMD:R_0603_1608Metric,39k,75V,0.1W,0.1%,https://www.yageo.com/upload/media/product/app/datasheet/rchip/pyu-rt_1-to-0.01_rohs_l.pdf,Thin Film,0603,1.6mm,0.8mm,0.55mm,SMD,25ppm,,,,,,
RES-2001-043K,RT0603BRD0743KL,Yageo,RES 43k OHM 0.1W 0.10% SMD 0603 ,g-res:R,Resistor_SMD:R_0603_1608Metric,43k,75V,0.1W,0.1%,https://www.yageo.com/upload/media/product/app/datasheet/rchip/pyu-rt_1-to-0.01_rohs_l.pdf,Thin Film,0603,1.6mm,0.8mm,0.55mm,SMD,25ppm,,,,,,
RES-2001-047K,RT0603BRD0747KL,Yageo,RES 47k OHM 0.1W 0.10% SMD 0603 ,g-res:R,Resistor_SMD:R_0603_1608Metric,47k,75V,0.1W,0.1%,https://www.yageo.com/upload/media/product/app/datasheet/rchip/pyu-rt_1-to-0.01_rohs_l.pdf,Thin Film,0603,1.6mm,0.8mm,0.55mm,SMD,25ppm,,,,,,
RES-2001-051K,RT0603BRD0751KL,Yageo,RES 51k OHM 0.1W 0.10% SMD 0603 ,g-res:R,Resistor_SMD:R_0603_1608Metric,51k,75V,0.1W,0.1%,https://www.yageo.com/upload/media/product/app/datasheet/rchip/pyu-rt_1-to-0.01_rohs_l.pdf,Thin Film,0603,1.6mm,0.8mm,0.55mm,SMD,25ppm,,,,,,
RES-2001-056K,RT0603BRD0756KL,Yageo,RES 56k OHM 0.1W 0.10% SMD 0603 ,g-res:R,Resistor_SMD:R_0603_1608Metric,56k,75V,0.1W,0.1%,https://www.yageo.com/upload/media/product/app/datasheet/rchip/pyu-rt_1-to-0.01_rohs_l.pdf,Thin Film,0603,1.6mm,0.8mm,0.55mm,SMD,25ppm,,,,,,
RES-2001-062K,RT0603BRD0762KL,Yageo,RES 62k OHM 0.1W 0.10% SMD 0603 ,g-res:R,Resistor_SMD:R_0603_1608Metric,62k,75V,0.1W,0.1%,https://www.yageo.com/upload/media/product/app/datasheet/rchip/pyu-rt_1-to-0.01_rohs_l.pdf,Thin Film,0603,1.6mm,0.8mm,0.55mm,SMD,25ppm,,,,,,
RES-2001-068K,RT0603BRD0768KL,Yageo,RES 68k OHM 0.1W 0.10% SMD 0603 ,g-res:R,Resistor_SMD:R_0603_1608Metric,68k,75V,0.1W,0.1%,https://www.yageo.com/upload/media/product/app/datasheet/rchip/pyu-rt_1-to-0.01_rohs_l.pdf,Thin Film,0603,1.6mm,0.8mm,0.55mm,SMD,25ppm,,,,,,
RES-2001-075K,RT0603BRD0775KL,Yageo,RES 75k OHM 0.1W 0.10% SMD 0603 ,g-res:R,Resistor_SMD:R_0603_1608Metric,75k,75V,0.1W,0.1%,https://www.yageo.com/upload/media/product/app/datasheet/rchip/pyu-rt_1-to-0.01_rohs_l.pdf,Thin Film,0603,1.6mm,0.8mm,0.55mm,SMD,25ppm,,,,,,
RES-2001-082K,RT0603BRD0782KL,Yageo,RES 82k OHM 0.1W 0.10% SMD 0603 ,g-res:R,Resistor_SMD:R_0603_1608Metric,82k,75V,0.1W,0.1%,https://www.yageo.com/upload/media/product/app/datasheet/rchip/pyu-rt_1-to-0.01_rohs_l.pdf,Thin Film,0603,1.6mm,0.8mm,0.55mm,SMD,25ppm,,,,,,
RES-2001-091K,RT0603BRD0791KL,Yageo,RES 91k OHM 0.1W 0.10% SMD 0603 ,g-res:R,Resistor_SMD:R_0603_1608Metric,91k,75V,0.1W,0.1%,https://www.yageo.com/upload/media/product/app/datasheet/rchip/pyu-rt_1-to-0.01_rohs_l.pdf,Thin Film,0603,1.6mm,0.8mm,0.55mm,SMD,25ppm,,,,,,
RES-2001-100K,RT0603BRD07100KL,Yageo,RES 100k OHM 0.1W 0.10% SMD 0603 ,g-res:R,Resistor_SMD:R_0603_1608Metric,100k,75V,0.1W,0.1%,https://www.yageo.com/upload/media/product/app/datasheet/rchip/pyu-rt_1-to-0.01_rohs_l.pdf,Thin Film,0603,1.6mm,0.8mm,0.55mm,SMD,25ppm,,,,,,
RES-2001-110K,RT0603BRD07110KL,Yageo,RES 110k OHM 0.1W 0.10% SMD 0603 ,g-res:R,Resistor_SMD:R_0603_1608Metric,110k,75V,0.1W,0.1%,https://www.yageo.com/upload/media/product/app/datasheet/rchip/pyu-rt_1-to-0.01_rohs_l.pdf,Thin Film,0603,1.6mm,0.8mm,0.55mm,SMD,25ppm,,,,,,
RES-2001-120K,RT0603BRD07120KL,Yageo,RES 120k OHM 0.1W 0.10% SMD 0603 ,g-res:R,Resistor_SMD:R_0603_1608Metric,120k,75V,0.1W,0.1%,https://www.yageo.com/upload/media/product/app/datasheet/rchip/pyu-rt_1-to-0.01_rohs_l.pdf,Thin Film,0603,1.6mm,0.8mm,0.55mm,SMD,25ppm,,,,,,
RES-2001-130K,RT0603BRD07130KL,Yageo,RES 130k OHM 0.1W 0.10% SMD 0603 ,g-res:R,Resistor_SMD:R_0603_1608Metric,130k,75V,0.1W,0.1%,https://www.yageo.com/upload/media/product/app/datasheet/rchip/pyu-rt_1-to-0.01_rohs_l.pdf,Thin Film,0603,1.6mm,0.8mm,0.55mm,SMD,25ppm,,,,,,
RES-2001-150K,RT0603BRD07150KL,Yageo,RES 150k OHM 0.1W 0.10% SMD 0603 ,g-res:R,Resistor_SMD:R_0603_1608Metric,150k,75V,0.1W,0.1%,https://www.yageo.com/upload/media/product/app/datasheet/rchip/pyu-rt_1-to-0.01_rohs_l.pdf,Thin Film,0603,1.6mm,0.8mm,0.55mm,SMD,25ppm,,,,,,
RES-2001-160K,RT0603BRD07160KL,Yageo,RES 160k OHM 0.1W 0.10% SMD 0603 ,g-res:R,Resistor_SMD:R_0603_1608Metric,160k,75V,0.1W,0.1%,https://www.yageo.com/upload/media/product/app/datasheet/rchip/pyu-rt_1-to-0.01_rohs_l.pdf,Thin Film,0603,1.6mm,0.8mm,0.55mm,SMD,25ppm,,,,,,
RES-2001-180K,RT0603BRD07180KL,Yageo,RES 180k OHM 0.1W 0.10% SMD 0603 ,g-res:R,Resistor_SMD:R_0603_1608Metric,180k,75V,0.1W,0.1%,https://www.yageo.com/upload/media/product/app/datasheet/rchip/pyu-rt_1-to-0.01_rohs_l.pdf,Thin Film,0603,1.6mm,0.8mm,0.55mm,SMD,25ppm,,,,,,
RES-2001-200K,RT0603BRD07200KL,Yageo,RES 200k OHM 0.1W 0.10% SMD 0603 ,g-res:R,Resistor_SMD:R_0603_1608Metric,200k,75V,0.1W,0.1%,https://www.yageo.com/upload/media/product/app/datasheet/rchip/pyu-rt_1-to-0.01_rohs_l.pdf,Thin Film,0603,1.6mm,0.8mm,0.55mm,SMD,25ppm,,,,,,
RES-2001-220K,RT0603BRD07220KL,Yageo,RES 220k OHM 0.1W 0.10% SMD 0603 ,g-res:R,Resistor_SMD:R_0603_1608Metric,220k,75V,0.1W,0.1%,https://www.yageo.com/upload/media/product/app/datasheet/rchip/pyu-rt_1-to-0.01_rohs_l.pdf,Thin Film,0603,1.6mm,0.8mm,0.55mm,SMD,25ppm,,,,,,
RES-2001-240K,RT0603BRD07240KL,Yageo,RES 240k OHM 0.1W 0.10% SMD 0603 ,g-res:R,Resistor_SMD:R_0603_1608Metric,240k,75V,0.1W,0.1%,https://www.yageo.com/upload/media/product/app/datasheet/rchip/pyu-rt_1-to-0.01_rohs_l.pdf,Thin Film,0603,1.6mm,0.8mm,0.55mm,SMD,25ppm,,,,,,
RES-2001-270K,RT0603BRD07270KL,Yageo,RES 270k OHM 0.1W 0.10% SMD 0603 ,g-res:R,Resistor_SMD:R_0603_1608Metric,270k,75V,0.1W,0.1%,https://www.yageo.com/upload/media/product/app/datasheet/rchip/pyu-rt_1-to-0.01_rohs_l.pdf,Thin Film,0603,1.6mm,0.8mm,0.55mm,SMD,25ppm,,,,,,
RES-2001-300K,RT0603BRD07300KL,Yageo,RES 300k OHM 0.1W 0.10% SMD 0603 ,g-res:R,Resistor_SMD:R_0603_1608Metric,300k,75V,0.1W,0.1%,https://www.yageo.com/upload/media/product/app/datasheet/rchip/pyu-rt_1-to-0.01_rohs_l.pdf,Thin Film,0603,1.6mm,0.8mm,0.55mm,SMD,25ppm,,,,,,
RES-2001-330K,RT0603BRD07330KL,Yageo,RES 330k OHM 0.1W 0.10% SMD 0603 ,g-res:R,Resistor_SMD:R_0603_1608Metric,330k,75V,0.1W,0.1%,https://www.yageo.com/upload/media/product/app/datasheet/rchip/pyu-rt_1-to-0.01_rohs_l.pdf,Thin Film,0603,1.6mm,0.8mm,0.55mm,SMD,25ppm,,,,,,
RES-2001-360K,RT0603BRD07360KL,Yageo,RES 360k OHM 0.1W 0.10% SMD 0603 ,g-res:R,Resistor_SMD:R_0603_1608Metric,360k,75V,0.1W,0.1%,https://www.yageo.com/upload/media/product/app/datasheet/rchip/pyu-rt_1-to-0.01_rohs_l.pdf,Thin Film,0603,1.6mm,0.8mm,0.55mm,SMD,25ppm,,,,,,
RES-2001-390K,RT0603BRD07390KL,Yageo,RES 390k OHM 0.1W 0.10% SMD 0603 ,g-res:R,Resistor_SMD:R_0603_1608Metric,390k,75V,0.1W,0.1%,https://www.yageo.com/upload/media/product/app/datasheet/rchip/pyu-rt_1-to-0.01_rohs_l.pdf,Thin Film,0603,1.6mm,0.8mm,0.55mm,SMD,25ppm,,,,,,
RES-2001-430K,RT0603BRD07430KL,Yageo,RES 430k OHM 0.1W 0.10% SMD 0603 ,g-res:R,Resistor_SMD:R_0603_1608Metric,430k,75V,0.1W,0.1%,https://www.yageo.com/upload/media/product/app/datasheet/rchip/pyu-rt_1-to-0.01_rohs_l.pdf,Thin Film,0603,1.6mm,0.8mm,0.55mm,SMD,25ppm,,,,,,
RES-2001-470K,RT0603BRD07470KL,Yageo,RES 470k OHM 0.1W 0.10% SMD 0603 ,g-res:R,Resistor_SMD:R_0603_1608Metric,470k,75V,0.1W,0.1%,https://www.yageo.com/upload/media/product/app/datasheet/rchip/pyu-rt_1-to-0.01_rohs_l.pdf,Thin Film,0603,1.6mm,0.8mm,0.55mm,SMD,25ppm,,,,,,
RES-2001-510K,RT0603BRD07510KL,Yageo,RES 510k OHM 0.1W 0.10% SMD 0603 ,g-res:R,Resistor_SMD:R_0603_1608Metric,510k,75V,0.1W,0.1%,https://www.yageo.com/upload/media/product/app/datasheet/rchip/pyu-rt_1-to-0.01_rohs_l.pdf,Thin Film,0603,1.6mm,0.8mm,0.55mm,SMD,25ppm,,,,,,
RES-2001-560K,RT0603BRD07560KL,Yageo,RES 560k OHM 0.1W 0.10% SMD 0603 ,g-res:R,Resistor_SMD:R_0603_1608Metric,560k,75V,0.1W,0.1%,https://www.yageo.com/upload/media/product/app/datasheet/rchip/pyu-rt_1-to-0.01_rohs_l.pdf,Thin Film,0603,1.6mm,0.8mm,0.55mm,SMD,25ppm,,,,,,
RES-2001-620K,RT0603BRD07620KL,Yageo,RES 620k OHM 0.1W 0.10% SMD 0603 ,g-res:R,Resistor_SMD:R_0603_1608Metric,620k,75V,0.1W,0.1%,https://www.yageo.com/upload/media/product/app/datasheet/rchip/pyu-rt_1-to-0.01_rohs_l.pdf,Thin Film,0603,1.6mm,0.8mm,0.55mm,SMD,25ppm,,,,,,
RES-2001-680K,RT0603BRD07680KL,Yageo,RES 680k OHM 0.1W 0.10% SMD 0603 ,g-res:R,Resistor_SMD:R_0603_1608Metric,680k,75V,0.1W,0.1%,https://www.yageo.com/upload/media/product/app/datasheet/rchip/pyu-rt_1-to-0.01_rohs_l.pdf,Thin Film,0603,1.6mm,0.8mm,0.55mm,SMD,25ppm,,,,,,
RES-2001-750K,RT0603BRD07750KL,Yageo,RES 750k OHM 0.1W 0.10% SMD 0603 ,g-res:R,Resistor_SMD:R_0603_1608Metric,750k,75V,0.1W,0.1%,https://www.yageo.com/upload/media/product/app/datasheet/rchip/pyu-rt_1-to-0.01_rohs_l.pdf,Thin Film,0603,1.6mm,0.8mm,0.55mm,SMD,25ppm,,,,,,
RES-2001-820K,RT0603BRD07820KL,Yageo,RES 820k OHM 0.1W 0.10% SMD 0603 ,g-res:R,Resistor_SMD:R_0603_1608Metric,820k,75V,0.1W,0.1%,https://www.yageo.com/upload/media/product/app/datasheet/rchip/pyu-rt_1-to-0.01_rohs_l.pdf,Thin Film,0603,1.6mm,0.8mm,0.55mm,SMD,25ppm,,,,,,
RES-2001-910K,RT0603BRD07910KL,Yageo,RES 910k OHM 0.1W 0.10% SMD 0603 ,g-res:R,Resistor_SMD:R_0603_1608Metric,910k,75V,0.1W,0.1%,https://www.yageo.com/upload/media/product/app/datasheet/rchip/pyu-rt_1-to-0.01_rohs_l.pdf,Thin Film,0603,1.6mm,0.8mm,0.55mm,SMD,25ppm,,,,,,
RES-2001-001M,RT0603BRD071ML,Yageo,RES 1M OHM 0.1W 0.10% SMD 0603 ,g-res:R,Resistor_SMD:R_0603_1608Metric,1M,75V,0.1W,0.1%,https://www.yageo.com/upload/media/product/app/datasheet/rchip/pyu-rt_1-to-0.01_rohs_l.pdf,Thin Film,0603,1.6mm,0.8mm,0.55mm,SMD,25ppm,,,,,,
RES-2004-01M5,AC0603FR-071M5L,Yageo,RES 1.5M OHM 0.1W 1% SMD 0603 ,g-res:R,Resistor_SMD:R_0603_1608Metric,1.5M,75V,0.1W,1%,https://yageogroup.com/content/datasheet/asset/file/PYU-AC_51_ROHS_L,Thick Film,0603,1.6mm,0.8mm,0.55mm,SMD,200ppm,Yageo,AC0603FR-071M5L,KOA Speer,RK73H1JTTD1004F,Vishay Dale,CRCW06031M00FKEA
RES-2004-02M2,AC0603FR-072M2L,Yageo,RES 2.2M OHM 0.1W 1% SMD 0603 ,g-res:R,Resistor_SMD:R_0603_1608Metric,2.2M,75V,0.1W,1%,https://yageogroup.com/content/datasheet/asset/file/PYU-AC_51_ROHS_L,Thick Film,0603,1.6mm,0.8mm,0.55mm,SMD,200ppm,Yageo,AC0603FR-072M2L,KOA Speer,RK73H1JTTD1504F,Vishay Dale,CRCW06031M50FKEA
RES-2004-03M3,AC0603FR-073M3L,Yageo,RES 3.3M OHM 0.1W 1% SMD 0603 ,g-res:R,Resistor_SMD:R_0603_1608Metric,3.3M,75V,0.1W,1%,https://yageogroup.com/content/datasheet/asset/file/PYU-AC_51_ROHS_L,Thick Film,0603,1.6mm,0.8mm,0.55mm,SMD,200ppm,Yageo,AC0603FR-073M3L,KOA Speer,RK73H1JTTD2204F,Vishay Dale,CRCW06033M30FKEA
RES-2004-04M7,AC0603FR-074M7L,Yageo,RES 4.7M OHM 0.1W 1% SMD 0603 ,g-res:R,Resistor_SMD:R_0603_1608Metric,4.7M,75V,0.1W,1%,https://yageogroup.com/content/datasheet/asset/file/PYU-AC_51_ROHS_L,Thick Film,0603,1.6mm,0.8mm,0.55mm,SMD,200ppm,Yageo,AC0603FR-074M7L,KOA Speer,RK73H1JTTD3304F,Vishay Dale,CRCW06034M70FKEA
RES-2004-06M8,AC0603FR-076M8L,Yageo,RES 6.8M OHM 0.1W 1% SMD 0603 ,g-res:R,Resistor_SMD:R_0603_1608Metric,6.8M,75V,0.1W,1%,https://yageogroup.com/content/datasheet/asset/file/PYU-AC_51_ROHS_L,Thick Film,0603,1.6mm,0.8mm,0.55mm,SMD,200ppm,Yageo,AC0603FR-076M8L,KOA Speer,RK73H1JTTD4704F,Vishay Dale,CRCW06036M80FKEA
RES-2004-010M,AC0603FR-0710ML,Yageo,RES 10M OHM 0.1W 1% SMD 0603 ,g-res:R,Resistor_SMD:R_0603_1608Metric,10M,75V,0.1W,1%,https://yageogroup.com/content/datasheet/asset/file/PYU-AC_51_ROHS_L,Thick Film,0603,1.6mm,0.8mm,0.55mm,SMD,200ppm,Yageo,AC0603FR-0710ML,KOA Speer,RK73H1JTTD6804F,Vishay Dale,CRCW060310M0FKEA
RES-2002-04R7,RT0402BRD074R7L,Yageo,RES 4.7 OHM 63mW 0.10% SMD 0402 ,g-res:R,Resistor_SMD:R_0402_1005Metric,4.7,50V,63mW,0.1%,https://www.yageo.com/upload/media/product/app/datasheet/rchip/pyu-rt_1-to-0.01_rohs_l.pdf,Thin Film,0402,1.0mm,0.5mm,0.35mm,SMD,25ppm,,,,,,
RES-2002-05R1,RT0402BRD075R1L,Yageo,RES 5.1 OHM 63mW 0.10% SMD 0402 ,g-res:R,Resistor_SMD:R_0402_1005Metric,5.1,50V,63mW,0.1%,https://www.yageo.com/upload/media/product/app/datasheet/rchip/pyu-rt_1-to-0.01_rohs_l.pdf,Thin Film,0402,1.0mm,0.5mm,0.35mm,SMD,25ppm,,,,,,
RES-2002-05R6,RT0402BRD075R6L,Yageo,RES 5.6 OHM 63mW 0.10% SMD 0402 ,g-res:R,Resistor_SMD:R_0402_1005Metric,5.6,50V,63mW,0.1%,https://www.yageo.com/upload/media/product/app/datasheet/rchip/pyu-rt_1-to-0.01_rohs_l.pdf,Thin Film,0402,1.0mm,0.5mm,0.35mm,SMD,25ppm,,,,,,
RES-2002-06R2,RT0402BRD076R2L,Yageo,RES 6.2 OHM 63mW 0.10% SMD 0402 ,g-res:R,Resistor_SMD:R_0402_1005Metric,6.2,50V,63mW,0.1%,https://www.yageo.com/upload/media/product/app/datasheet/rchip/pyu-rt_1-to-0.01_rohs_l.pdf,Thin Film,0402,1.0mm,0.5mm,0.35mm,SMD,25ppm,,,,,,
RES-2002-06R8,RT0402BRD076R8L,Yageo,RES 6.8 OHM 63mW 0.10% SMD 0402 ,g-res:R,Resistor_SMD:R_0402_1005Metric,6.8,50V,63mW,0.1%,https://www.yageo.com/upload/media/product/app/datasheet/rchip/pyu-rt_1-to-0.01_rohs_l.pdf,Thin Film,0402,1.0mm,0.5mm,0.35mm,SMD,25ppm,,,,,,
RES-2002-07R5,RT0402BRD077R5L,Yageo,RES 7.5 OHM 63mW 0.10% SMD 0402 ,g-res:R,Resistor_SMD:R_0402_1005Metric,7.5,50V,63mW,0.1%,https://www.yageo.com/upload/media/product/app/datasheet/rchip/pyu-rt_1-to-0.01_rohs_l.pdf,Thin Film,0402,1.0mm,0.5mm,0.35mm,SMD,25ppm,,,,,,
RES-2002-08R2,RT0402BRD078R2L,Yageo,RES 8.2 OHM 63mW 0.10% SMD 0402 ,g-res:R,Resistor_SMD:R_0402_1005Metric,8.2,50V,63mW,0.1%,https://www.yageo.com/upload/media/product/app/datasheet/rchip/pyu-rt_1-to-0.01_rohs_l.pdf,Thin Film,0402,1.0mm,0.5mm,0.35mm,SMD,25ppm,,,,,,
RES-2002-09R1,RT0402BRD079R1L,Yageo,RES 9.1 OHM 63mW 0.10% SMD 0402 ,g-res:R,Resistor_SMD:R_0402_1005Metric,9.1,50V,63mW,0.1%,https://www.yageo.com/upload/media/product/app/datasheet/rchip/pyu-rt_1-to-0.01_rohs_l.pdf,Thin Film,0402,1.0mm,0.5mm,0.35mm,SMD,25ppm,,,,,,
RES-2002-010R,RT0402BRD0710RL,Yageo,RES 10 OHM 63mW 0.10% SMD 0402 ,g-res:R,Resistor_SMD:R_0402_1005Metric,10,50V,63mW,0.1%,https://www.yageo.com/upload/media/product/app/datasheet/rchip/pyu-rt_1-to-0.01_rohs_l.pdf,Thin Film,0402,1.0mm,0.5mm,0.35mm,SMD,25ppm,,,,,,
RES-2002-011R,RT0402BRD0711RL,Yageo,RES 11 OHM 63mW 0.10% SMD 0402 ,g-res:R,Resistor_SMD:R_0402_1005Metric,11,50V,63mW,0.1%,https://www.yageo.com/upload/media/product/app/datasheet/rchip/pyu-rt_1-to-0.01_rohs_l.pdf,Thin Film,0402,1.0mm,0.5mm,0.35mm,SMD,25ppm,,,,,,
RES-2002-012R,RT0402BRD0712RL,Yageo,RES 12 OHM 63mW 0.10% SMD 0402 ,g-res:R,Resistor_SMD:R_0402_1005Metric,12,50V,63mW,0.1%,https://www.yageo.com/upload/media/product/app/datasheet/rchip/pyu-rt_1-to-0.01_rohs_l.pdf,Thin Film,0402,1.0mm,0.5mm,0.35mm,SMD,25ppm,,,,,,
RES-2002-013R,RT0402BRD0713RL,Yageo,RES 13 OHM 63mW 0.10% SMD 0402 ,g-res:R,Resistor_SMD:R_0402_1005Metric,13,50V,63mW,0.1%,https://www.yageo.com/upload/media/product/app/datasheet/rchip/pyu-rt_1-to-0.01_rohs_l.pdf,Thin Film,0402,1.0mm,0.5mm,0.35mm,SMD,25ppm,,,,,,
RES-2002-015R,RT0402BRD0715RL,Yageo,RES 15 OHM 63mW 0.10% SMD 0402 ,g-res:R,Resistor_SMD:R_0402_1005Metric,15,50V,63mW,0.1%,https://www.yageo.com/upload/media/product/app/datasheet/rchip/pyu-rt_1-to-0.01_rohs_l.pdf,Thin Film,0402,1.0mm,0.5mm,0.35mm,SMD,25ppm,,,,,,
RES-2002-016R,RT0402BRD0716RL,Yageo,RES 16 OHM 63mW 0.10% SMD 0402 ,g-res:R,Resistor_SMD:R_0402_1005Metric,16,50V,63mW,0.1%,https://www.yageo.com/upload/media/product/app/datasheet/rchip/pyu-rt_1-to-0.01_rohs_l.pdf,Thin Film,0402,1.0mm,0.5mm,0.35mm,SMD,25ppm,,,,,,
RES-2002-018R,RT0402BRD0718RL,Yageo,RES 18 OHM 63mW 0.10% SMD 0402 ,g-res:R,Resistor_SMD:R_0402_1005Metric,18,50V,63mW,0.1%,https://www.yageo.com/upload/media/product/app/datasheet/rchip/pyu-rt_1-to-0.01_rohs_l.pdf,Thin Film,0402,1.0mm,0.5mm,0.35mm,SMD,25ppm,,,,,,
RES-2002-020R,RT0402BRD0720RL,Yageo,RES 20 OHM 63mW 0.10% SMD 0402 ,g-res:R,Resistor_SMD:R_0402_1005Metric,20,50V,63mW,0.1%,https://www.yageo.com/upload/media/product/app/datasheet/rchip/pyu-rt_1-to-0.01_rohs_l.pdf,Thin Film,0402,1.0mm,0.5mm,0.35mm,SMD,25ppm,,,,,,
RES-2002-022R,RT0402BRD0722RL,Yageo,RES 22 OHM 63mW 0.10% SMD 0402 ,g-res:R,Resistor_SMD:R_0402_1005Metric,22,50V,63mW,0.1%,https://www.yageo.com/upload/media/product/app/datasheet/rchip/pyu-rt_1-to-0.01_rohs_l.pdf,Thin Film,0402,1.0mm,0.5mm,0.35mm,SMD,25ppm,,,,,,
RES-2002-024R,RT0402BRD0724RL,Yageo,RES 24 OHM 63mW 0.10% SMD 0402 ,g-res:R,Resistor_SMD:R_0402_1005Metric,24,50V,63mW,0.1%,https://www.yageo.com/upload/media/product/app/datasheet/rchip/pyu-rt_1-to-0.01_rohs_l.pdf,Thin Film,0402,1.0mm,0.5mm,0.35mm,SMD,25ppm,,,,,,
RES-2002-027R,RT0402BRD0727RL,Yageo,RES 27 OHM 63mW 0.10% SMD 0402 ,g-res:R,Resistor_SMD:R_0402_1005Metric,27,50V,63mW,0.1%,https://www.yageo.com/upload/media/product/app/datasheet/rchip/pyu-rt_1-to-0.01_rohs_l.pdf,Thin Film,0402,1.0mm,0.5mm,0.35mm,SMD,25ppm,,,,,,
RES-2002-030R,RT0402BRD0730RL,Yageo,RES 30 OHM 63mW 0.10% SMD 0402 ,g-res:R,Resistor_SMD:R_0402_1005Metric,30,50V,63mW,0.1%,https://www.yageo.com/upload/media/product/app/datasheet/rchip/pyu-rt_1-to-0.01_rohs_l.pdf,Thin Film,0402,1.0mm,0.5mm,0.35mm,SMD,25ppm,,,,,,
RES-2002-033R,RT0402BRD0733RL,Yageo,RES 33 OHM 63mW 0.10% SMD 0402 ,g-res:R,Resistor_SMD:R_0402_1005Metric,33,50V,63mW,0.1%,https://www.yageo.com/upload/media/product/app/datasheet/rchip/pyu-rt_1-to-0.01_rohs_l.pdf,Thin Film,0402,1.0mm,0.5mm,0.35mm,SMD,25ppm,,,,,,
RES-2002-036R,RT0402BRD0736RL,Yageo,RES 36 OHM 63mW 0.10% SMD 0402 ,g-res:R,Resistor_SMD:R_0402_1005Metric,36,50V,63mW,0.1%,https://www.yageo.com/upload/media/product/app/datasheet/rchip/pyu-rt_1-to-0.01_rohs_l.pdf,Thin Film,0402,1.0mm,0.5mm,0.35mm,SMD,25ppm,,,,,,
RES-2002-039R,RT0402BRD0739RL,Yageo,RES 39 OHM 63mW 0.10% SMD 0402 ,g-res:R,Resistor_SMD:R_0402_1005Metric,39,50V,63mW,0.1%,https://www.yageo.com/upload/media/product/app/datasheet/rchip/pyu-rt_1-to-0.01_rohs_l.pdf,Thin Film,0402,1.0mm,0.5mm,0.35mm,SMD,25ppm,,,,,,
RES-2002-043R,RT0402BRD0743RL,Yageo,RES 43 OHM 63mW 0.10% SMD 0402 ,g-res:R,Resistor_SMD:R_0402_1005Metric,43,50V,63mW,0.1%,https://www.yageo.com/upload/media/product/app/datasheet/rchip/pyu-rt_1-to-0.01_rohs_l.pdf,Thin Film,0402,1.0mm,0.5mm,0.35mm,SMD,25ppm,,,,,,
RES-2002-047R,RT0402BRD0747RL,Yageo,RES 47 OHM 63mW 0.10% SMD 0402 ,g-res:R,Resistor_SMD:R_0402_1005Metric,47,50V,63mW,0.1%,https://www.yageo.com/upload/media/product/app/datasheet/rchip/pyu-rt_1-to-0.01_rohs_l.pdf,Thin Film,0402,1.0mm,0.5mm,0.35mm,SMD,25ppm,,,,,,
RES-2002-051R,RT0402BRD0751RL,Yageo,RES 51 OHM 63mW 0.10% SMD 0402 ,g-res:R,Resistor_SMD:R_0402_1005Metric,51,50V,63mW,0.1%,https://www.yageo.com/upload/media/product/app/datasheet/rchip/pyu-rt_1-to-0.01_rohs_l.pdf,Thin Film,0402,1.0mm,0.5mm,0.35mm,SMD,25ppm,,,,,,
RES-2002-056R,RT0402BRD0756RL,Yageo,RES 56 OHM 63mW 0.10% SMD 0402 ,g-res:R,Resistor_SMD:R_0402_1005Metric,56,50V,63mW,0.1%,https://www.yageo.com/upload/media/product/app/datasheet/rchip/pyu-rt_1-to-0.01_rohs_l.pdf,Thin Film,0402,1.0mm,0.5mm,0.35mm,SMD,25ppm,,,,,,
RES-2002-062R,RT0402BRD0762RL,Yageo,RES 62 OHM 63mW 0.10% SMD 0402 ,g-res:R,Resistor_SMD:R_0402_1005Metric,62,50V,63mW,0.1%,https://www.yageo.com/upload/media/product/app/datasheet/rchip/pyu-rt_1-to-0.01_rohs_l.pdf,Thin Film,0402,1.0mm,0.5mm,0.35mm,SMD,25ppm,,,,,,
RES-2002-068R,RT0402BRD0768RL,Yageo,RES 68 OHM 63mW 0.10% SMD 0402 ,g-res:R,Resistor_SMD:R_0402_1005Metric,68,50V,63mW,0.1%,https://www.yageo.com/upload/media/product/app/datasheet/rchip/pyu-rt_1-to-0.01_rohs_l.pdf,Thin Film,0402,1.0mm,0.5mm,0.35mm,SMD,25ppm,,,,,,
RES-2002-075R,RT0402BRD0775RL,Yageo,RES 75 OHM 63mW 0.10% SMD 0402 ,g-res:R,Resistor_SMD:R_0402_1005Metric,75,50V,63mW,0.1%,https://www.yageo.com/upload/media/product/app/datasheet/rchip/pyu-rt_1-to-0.01_rohs_l.pdf,Thin Film,0402,1.0mm,0.5mm,0.35mm,SMD,25ppm,,,,,,
RES-2002-082R,RT0402BRD0782RL,Yageo,RES 82 OHM 63mW 0.10% SMD 0402 ,g-res:R,Resistor_SMD:R_0402_1005Metric,82,50V,63mW,0.1%,https://www.yageo.com/upload/media/product/app/datasheet/rchip/pyu-rt_1-to-0.01_rohs_l.pdf,Thin Film,0402,1.0mm,0.5mm,0.35mm,SMD,25ppm,,,,,,
RES-2002-091R,RT0402BRD0791RL,Yageo,RES 91 OHM 63mW 0.10% SMD 0402 ,g-res:R,Resistor_SMD:R_0402_1005Metric,91,50V,63mW,0.1%,https://www.yageo.com/upload/media/product/app/datasheet/rchip/pyu-rt_1-to-0.01_rohs_l.pdf,Thin Film,0402,1.0mm,0.5mm,0.35mm,SMD,25ppm,,,,,,
RES-2002-100R,RT0402BRD07100RL,Yageo,RES 100 OHM 63mW 0.10% SMD 0402 ,g-res:R,Resistor_SMD:R_0402_1005Metric,100,50V,63mW,0.1%,https://www.yageo.com/upload/media/product/app/datasheet/rchip/pyu-rt_1-to-0.01_rohs_l.pdf,Thin Film,0402,1.0mm,0.5mm,0.35mm,SMD,25ppm,,,,,,
RES-2002-110R,RT0402BRD07110RL,Yageo,RES 110 OHM 63mW 0.10% SMD 0402 ,g-res:R,Resistor_SMD:R_0402_1005Metric,110,50V,63mW,0.1%,https://www.yageo.com/upload/media/product/app/datasheet/rchip/pyu-rt_1-to-0.01_rohs_l.pdf,Thin Film,0402,1.0mm,0.5mm,0.35mm,SMD,25ppm,,,,,,
RES-2002-120R,RT0402BRD07120RL,Yageo,RES 120 OHM 63mW 0.10% SMD 0402 ,g-res:R,Resistor_SMD:R_0402_1005Metric,120,50V,63mW,0.1%,https://www.yageo.com/upload/media/product/app/datasheet/rchip/pyu-rt_1-to-0.01_rohs_l.pdf,Thin Film,0402,1.0mm,0.5mm,0.35mm,SMD,25ppm,,,,,,
RES-2002-130R,RT0402BRD07130RL,Yageo,RES 130 OHM 63mW 0.10% SMD 0402 ,g-res:R,Resistor_SMD:R_0402_1005Metric,130,50V,63mW,0.1%,https://www.yageo.com/upload/media/product/app/datasheet/rchip/pyu-rt_1-to-0.01_rohs_l.pdf,Thin Film,0402,1.0mm,0.5mm,0.35mm,SMD,25ppm,,,,,,
RES-2002-150R,RT0402BRD07150RL,Yageo,RES 150 OHM 63mW 0.10% SMD 0402 ,g-res:R,Resistor_SMD:R_0402_1005Metric,150,50V,63mW,0.1%,https://www.yageo.com/upload/media/product/app/datasheet/rchip/pyu-rt_1-to-0.01_rohs_l.pdf,Thin Film,0402,1.0mm,0.5mm,0.35mm,SMD,25ppm,,,,,,
RES-2002-160R,RT0402BRD07160RL,Yageo,RES 160 OHM 63mW 0.10% SMD 0402 ,g-res:R,Resistor_SMD:R_0402_1005Metric,160,50V,63mW,0.1%,https://www.yageo.com/upload/media/product/app/datasheet/rchip/pyu-rt_1-to-0.01_rohs_l.pdf,Thin Film,0402,1.0mm,0.5mm,0.35mm,SMD,25ppm,,,,,,
RES-2002-180R,RT0402BRD07180RL,Yageo,RES 180 OHM 63mW 0.10% SMD 0402 ,g-res:R,Resistor_SMD:R_0402_1005Metric,180,50V,63mW,0.1%,https://www.yageo.com/upload/media/product/app/datasheet/rchip/pyu-rt_1-to-0.01_rohs_l.pdf,Thin Film,0402,1.0mm,0.5mm,0.35mm,SMD,25ppm,,,,,,
RES-2002-200R,RT0402BRD07200RL,Yageo,RES 200 OHM 63mW 0.10% SMD 0402 ,g-res:R,Resistor_SMD:R_0402_1005Metric,200,50V,63mW,0.1%,https://www.yageo.com/upload/media/product/app/datasheet/rchip/pyu-rt_1-to-0.01_rohs_l.pdf,Thin Film,0402,1.0mm,0.5mm,0.35mm,SMD,25ppm,,,,,,
RES-2002-220R,RT0402BRD07220RL,Yageo,RES 220 OHM 63mW 0.10% SMD 0402 ,g-res:R,Resistor_SMD:R_0402_1005Metric,220,50V,63mW,0.1%,https://www.yageo.com/upload/media/product/app/datasheet/rchip/pyu-rt_1-to-0.01_rohs_l.pdf,Thin Film,0402,1.0mm,0.5mm,0.35mm,SMD,25ppm,,,,,,
RES-2002-240R,RT0402BRD07240RL,Yageo,RES 240 OHM 63mW 0.10% SMD 0402 ,g-res:R,Resistor_SMD:R_0402_1005Metric,240,50V,63mW,0.1%,https://www.yageo.com/upload/media/product/app/datasheet/rchip/pyu-rt_1-to-0.01_rohs_l.pdf,Thin Film,0402,1.0mm,0.5mm,0.35mm,SMD,25ppm,,,,,,
RES-2002-270R,RT0402BRD07270RL,Yageo,RES 270 OHM 63mW 0.10% SMD 0402 ,g-res:R,Resistor_SMD:R_0402_1005Metric,270,50V,63mW,0.1%,https://www.yageo.com/upload/media/product/app/datasheet/rchip/pyu-rt_1-to-0.01_rohs_l.pdf,Thin Film,0402,1.0mm,0.5mm,0.35mm,SMD,25ppm,,,,,,
RES-2002-300R,RT0402BRD07300RL,Yageo,RES 300 OHM 63mW 0.10% SMD 0402 ,g-res:R,Resistor_SMD:R_0402_1005Metric,300,50V,63mW,0.1%,https://www.yageo.com/upload/media/product/app/datasheet/rchip/pyu-rt_1-to-0.01_rohs_l.pdf,Thin Film,0402,1.0mm,0.5mm,0.35mm,SMD,25ppm,,,,,,
RES-2002-330R,RT0402BRD07330RL,Yageo,RES 330 OHM 63mW 0.10% SMD 0402 ,g-res:R,Resistor_SMD:R_0402_1005Metric,330,50V,63mW,0.1%,https://www.yageo.com/upload/media/product/app/datasheet/rchip/pyu-rt_1-to-0.01_rohs_l.pdf,Thin Film,0402,1.0mm,0.5mm,0.35mm,SMD,25ppm,,,,,,
RES-2002-360R,RT0402BRD07360RL,Yageo,RES 360 OHM 63mW 0.10% SMD 0402 ,g-res:R,Resistor_SMD:R_0402_1005Metric,360,50V,63mW,0.1%,https://www.yageo.com/upload/media/product/app/datasheet/rchip/pyu-rt_1-to-0.01_rohs_l.pdf,Thin Film,0402,1.0mm,0.5mm,0.35mm,SMD,25ppm,,,,,,
RES-2002-390R,RT0402BRD07390RL,Yageo,RES 390 OHM 63mW 0.10% SMD 0402 ,g-res:R,Resistor_SMD:R_0402_1005Metric,390,50V,63mW,0.1%,https://www.yageo.com/upload/media/product/app/datasheet/rchip/pyu-rt_1-to-0.01_rohs_l.pdf,Thin Film,0402,1.0mm,0.5mm,0.35mm,SMD,25ppm,,,,,,
RES-2002-430R,RT0402BRD07430RL,Yageo,RES 430 OHM 63mW 0.10% SMD 0402 ,g-res:R,Resistor_SMD:R_0402_1005Metric,430,50V,63mW,0.1%,https://www.yageo.com/upload/media/product/app/datasheet/rchip/pyu-rt_1-to-0.01_rohs_l.pdf,Thin Film,0402,1.0mm,0.5mm,0.35mm,SMD,25ppm,,,,,,
RES-2002-470R,RT0402BRD07470RL,Yageo,RES 470 OHM 63mW 0.10% SMD 0402 ,g-res:R,Resistor_SMD:R_0402_1005Metric,470,50V,63mW,0.1%,https://www.yageo.com/upload/media/product/app/datasheet/rchip/pyu-rt_1-to-0.01_rohs_l.pdf,Thin Film,0402,1.0mm,0.5mm,0.35mm,SMD,25ppm,,,,,,
RES-2002-510R,RT0402BRD07510RL,Yageo,RES 510 OHM 63mW 0.10% SMD 0402 ,g-res:R,Resistor_SMD:R_0402_1005Metric,510,50V,63mW,0.1%,https://www.yageo.com/upload/media/product/app/datasheet/rchip/pyu-rt_1-to-0.01_rohs_l.pdf,Thin Film,0402,1.0mm,0.5mm,0.35mm,SMD,25ppm,,,,,,
RES-2002-560R,RT0402BRD07560RL,Yageo,RES 560 OHM 63mW 0.10% SMD 0402 ,g-res:R,Resistor_SMD:R_0402_1005Metric,560,50V,63mW,0.1%,https://www.yageo.com/upload/media/product/app/datasheet/rchip/pyu-rt_1-to-0.01_rohs_l.pdf,Thin Film,0402,1.0mm,0.5mm,0.35mm,SMD,25ppm,,,,,,
RES-2002-620R,RT0402BRD07620RL,Yageo,RES 620 OHM 63mW 0.10% SMD 0402 ,g-res:R,Resistor_SMD:R_0402_1005Metric,620,50V,63mW,0.1%,https://www.yageo.com/upload/media/product/app/datasheet/rchip/pyu-rt_1-to-0.01_rohs_l.pdf,Thin Film,0402,1.0mm,0.5mm,0.35mm,SMD,25ppm,,,,,,
RES-2002-680R,RT0402BRD07680RL,Yageo,RES 680 OHM 63mW 0.10% SMD 0402 ,g-res:R,Resistor_SMD:R_0402_1005Metric,680,50V,63mW,0.1%,https://www.yageo.com/upload/media/product/app/datasheet/rchip/pyu-rt_1-to-0.01_rohs_l.pdf,Thin Film,0402,1.0mm,0.5mm,0.35mm,SMD,25ppm,,,,,,
RES-2002-750R,RT0402BRD07750RL,Yageo,RES 750 OHM 63mW 0.10% SMD 0402 ,g-res:R,Resistor_SMD:R_0402_1005Metric,750,50V,63mW,0.1%,https://www.yageo.com/upload/media/product/app/datasheet/rchip/pyu-rt_1-to-0.01_rohs_l.pdf,Thin Film,0402,1.0mm,0.5mm,0.35mm,SMD,25ppm,,,,,,
RES-2002-820R,RT0402BRD07820RL,Yageo,RES 820 OHM 63mW 0.10% SMD 0402 ,g-res:R,Resistor_SMD:R_0402_1005Metric,820,50V,63mW,0.1%,https://www.yageo.com/upload/media/product/app/datasheet/rchip/pyu-rt_1-to-0.01_rohs_l.pdf,Thin Film,0402,1.0mm,0.5mm,0.35mm,SMD,25ppm,,,,,,
RES-2002-910R,RT0402BRD07910RL,Yageo,RES 910 OHM 63mW 0.10% SMD 0402 ,g-res:R,Resistor_SMD:R_0402_1005Metric,910,50V,63mW,0.1%,https://www.yageo.com/upload/media/product/app/datasheet/rchip/pyu-rt_1-to-0.01_rohs_l.pdf,Thin Film,0402,1.0mm,0.5mm,0.35mm,SMD,25ppm,,,,,,
RES-2002-001K,RT0402BRD071KL,Yageo,RES 1k OHM 63mW 0.10% SMD 0402 ,g-res:R,Resistor_SMD:R_0402_1005Metric,1k,50V,63mW,0.1%,https://www.yageo.com/upload/media/product/app/datasheet/rchip/pyu-rt_1-to-0.01_rohs_l.pdf,Thin Film,0402,1.0mm,0.5mm,0.35mm,SMD,25ppm,,,,,,
RES-2002-01K1,RT0402BRD071K1L,Yageo,RES 1.1k OHM 63mW 0.10% SMD 0402 ,g-res:R,Resistor_SMD:R_0402_1005Metric,1.1k,50V,63mW,0.1%,https://www.yageo.com/upload/media/product/app/datasheet/rchip/pyu-rt_1-to-0.01_rohs_l.pdf,Thin Film,0402,1.0mm,0.5mm,0.35mm,SMD,25ppm,,,,,,
RES-2002-01K2,RT0402BRD071K2L,Yageo,RES 1.2k OHM 63mW 0.10% SMD 0402 ,g-res:R,Resistor_SMD:R_0402_1005Metric,1.2k,50V,63mW,0.1%,https://www.yageo.com/upload/media/product/app/datasheet/rchip/pyu-rt_1-to-0.01_rohs_l.pdf,Thin Film,0402,1.0mm,0.5mm,0.35mm,SMD,25ppm,,,,,,
RES-2002-01K3,RT0402BRD071K3L,Yageo,RES 1.3k OHM 63mW 0.10% SMD 0402 ,g-res:R,Resistor_SMD:R_0402_1005Metric,1.3k,50V,63mW,0.1%,https://www.yageo.com/upload/media/product/app/datasheet/rchip/pyu-rt_1-to-0.01_rohs_l.pdf,Thin Film,0402,1.0mm,0.5mm,0.35mm,SMD,25ppm,,,,,,
RES-2002-01K5,RT0402BRD071K5L,Yageo,RES 1.5k OHM 63mW 0.10% SMD 0402 ,g-res:R,Resistor_SMD:R_0402_1005Metric,1.5k,50V,63mW,0.1%,https://www.yageo.com/upload/media/product/app/datasheet/rchip/pyu-rt_1-to-0.01_rohs_l.pdf,Thin Film,0402,1.0mm,0.5mm,0.35mm,SMD,25ppm,,,,,,
RES-2002-01K6,RT0402BRD071K6L,Yageo,RES 1.6k OHM 63mW 0.10% SMD 0402 ,g-res:R,Resistor_SMD:R_0402_1005Metric,1.6k,50V,63mW,0.1%,https://www.yageo.com/upload/media/product/app/datasheet/rchip/pyu-rt_1-to-0.01_rohs_l.pdf,Thin Film,0402,1.0mm,0.5mm,0.35mm,SMD,25ppm,,,,,,
RES-2002-01K8,RT0402BRD071K8L,Yageo,RES 1.8k OHM 63mW 0.10% SMD 0402 ,g-res:R,Resistor_SMD:R_0402_1005Metric,1.8k,50V,63mW,0.1%,https://www.yageo.com/upload/media/product/app/datasheet/rchip/pyu-rt_1-to-0.01_rohs_l.pdf,Thin Film,0402,1.0mm,0.5mm,0.35mm,SMD,25ppm,,,,,,
RES-2002-002K,RT0402BRD072KL,Yageo,RES 2k OHM 63mW 0.10% SMD 0402 ,g-res:R,Resistor_SMD:R_0402_1005Metric,2k,50V,63mW,0.1%,https://www.yageo.com/upload/media/product/app/datasheet/rchip/pyu-rt_1-to-0.01_rohs_l.pdf,Thin Film,0402,1.0mm,0.5mm,0.35mm,SMD,25ppm,,,,,,
RES-2002-02K2,RT0402BRD072K2L,Yageo,RES 2.2k OHM 63mW 0.10% SMD 0402 ,g-res:R,Resistor_SMD:R_0402_1005Metric,2.2k,50V,63mW,0.1%,https://www.yageo.com/upload/media/product/app/datasheet/rchip/pyu-rt_1-to-0.01_rohs_l.pdf,Thin Film,0402,1.0mm,0.5mm,0.35mm,SMD,25ppm,,,,,,
RES-2002-02K4,RT0402BRD072K4L,Yageo,RES 2.4k OHM 63mW 0.10% SMD 0402 ,g-res:R,Resistor_SMD:R_0402_1005Metric,2.4k,50V,63mW,0.1%,https://www.yageo.com/upload/media/product/app/datasheet/rchip/pyu-rt_1-to-0.01_rohs_l.pdf,Thin Film,0402,1.0mm,0.5mm,0.35mm,SMD,25ppm,,,,,,
RES-2002-02K7,RT0402BRD072K7L,Yageo,RES 2.7k OHM 63mW 0.10% SMD 0402 ,g-res:R,Resistor_SMD:R_0402_1005Metric,2.7k,50V,63mW,0.1%,https://www.yageo.com/upload/media/product/app/datasheet/rchip/pyu-rt_1-to-0.01_rohs_l.pdf,Thin Film,0402,1.0mm,0.5mm,0.35mm,SMD,25ppm,,,,,,
RES-2002-003K,RT0402BRD073KL,Yageo,RES 3k OHM 63mW 0.10% SMD 0402 ,g-res:R,Resistor_SMD:R_0402_1005Metric,3k,50V,63mW,0.1%,https://www.yageo.com/upload/media/product/app/datasheet/rchip/pyu-rt_1-to-0.01_rohs_l.pdf,Thin Film,0402,1.0mm,0.5mm,0.35mm,SMD,25ppm,,,,,,
RES-2002-03K3,RT0402BRD073K3L,Yageo,RES 3.3k OHM 63mW 0.10% SMD 0402 ,g-res:R,Resistor_SMD:R_0402_1005Metric,3.3k,50V,63mW,0.1%,https://www.yageo.com/upload/media/product/app/datasheet/rchip/pyu-rt_1-to-0.01_rohs_l.pdf,Thin Film,0402,1.0mm,0.5mm,0.35mm,SMD,25ppm,,,,,,
RES-2002-03K6,RT0402BRD073K6L,Yageo,RES 3.6k OHM 63mW 0.10% SMD 0402 ,g-res:R,Resistor_SMD:R_0402_1005Metric,3.6k,50V,63mW,0.1%,https://www.yageo.com/upload/media/product/app/datasheet/rchip/pyu-rt_1-to-0.01_rohs_l.pdf,Thin Film,0402,1.0mm,0.5mm,0.35mm,SMD,25ppm,,,,,,
RES-2002-03K9,RT0402BRD073K9L,Yageo,RES 3.9k OHM 63mW 0.10% SMD 0402 ,g-res:R,Resistor_SMD:R_0402_1005Metric,3.9k,50V,63mW,0.1%,https://www.yageo.com/upload/media/product/app/datasheet/rchip/pyu-rt_1-to-0.01_rohs_l.pdf,Thin Film,0402,1.0mm,0.5mm,0.35mm,SMD,25ppm,,,,,,
RES-2002-04K3,RT0402BRD074K3L,Yageo,RES 4.3k OHM 63mW 0.10% SMD 0402 ,g-res:R,Resistor_SMD:R_0402_1005Metric,4.3k,50V,63mW,0.1%,https://www.yageo.com/upload/media/product/app/datasheet/rchip/pyu-rt_1-to-0.01_rohs_l.pdf,Thin Film,0402,1.0mm,0.5mm,0.35mm,SMD,25ppm,,,,,,
RES-2002-04K7,RT0402BRD074K7L,Yageo,RES 4.7k OHM 63mW 0.10% SMD 0402 ,g-res:R,Resistor_SMD:R_0402_1005Metric,4.7k,50V,63mW,0.1%,https://www.yageo.com/upload/media/product/app/datasheet/rchip/pyu-rt_1-to-0.01_rohs_l.pdf,Thin Film,0402,1.0mm,0.5mm,0.35mm,SMD,25ppm,,,,,,
RES-2002-05K1,RT0402BRD075K1L,Yageo,RES 5.1k OHM 63mW 0.10% SMD 0402 ,g-res:R,Resistor_SMD:R_0402_1005Metric,5.1k,50V,63mW,0.1%,https://www.yageo.com/upload/media/product/app/datasheet/rchip/pyu-rt_1-to-0.01_rohs_l.pdf,Thin Film,0402,1.0mm,0.5mm,0.35mm,SMD,25ppm,,,,,,
RES-2002-05K6,RT0402BRD075K6L,Yageo,RES 5.6k OHM 63mW 0.10% SMD 0402 ,g-res:R,Resistor_SMD:R_0402_1005Metric,5.6k,50V,63mW,0.1%,https://www.yageo.com/upload/media/product/app/datasheet/rchip/pyu-rt_1-to-0.01_rohs_l.pdf,Thin Film,0402,1.0mm,0.5mm,0.35mm,SMD,25ppm,,,,,,
RES-2002-06K2,RT0402BRD076K2L,Yageo,RES 6.2k OHM 63mW 0.10% SMD 0402 ,g-res:R,Resistor_SMD:R_0402_1005Metric,6.2k,50V,63mW,0.1%,https://www.yageo.com/upload/media/product/app/datasheet/rchip/pyu-rt_1-to-0.01_rohs_l.pdf,Thin Film,0402,1.0mm,0.5mm,0.35mm,SMD,25ppm,,,,,,
RES-2002-06K8,RT0402BRD076K8L,Yageo,RES 6.8k OHM 63mW 0.10% SMD 0402 ,g-res:R,Resistor_SMD:R_0402_1005Metric,6.8k,50V,63mW,0.1%,https://www.yageo.com/upload/media/product/app/datasheet/rchip/pyu-rt_1-to-0.01_rohs_l.pdf,Thin Film,0402,1.0mm,0.5mm,0.35mm,SMD,25ppm,,,,,,
RES-2002-07K5,RT0402BRD077K5L,Yageo,RES 7.5k OHM 63mW 0.10% SMD 0402 ,g-res:R,Resistor_SMD:R_0402_1005Metric,7.5k,50V,63mW,0.1%,https://www.yageo.com/upload/media/product/app/datasheet/rchip/pyu-rt_1-to-0.01_rohs_l.pdf,Thin Film,0402,1.0mm,0.5mm,0.35mm,SMD,25ppm,,,,,,
RES-2002-08K2,RT0402BRD078K2L,Yageo,RES 8.2k OHM 63mW 0.10% SMD 0402 ,g-res:R,Resistor_SMD:R_0402_1005Metric,8.2k,50V,63mW,0.1%,https://www.yageo.com/upload/media/product/app/datasheet/rchip/pyu-rt_1-to-0.01_rohs_l.pdf,Thin Film,0402,1.0mm,0.5mm,0.35mm,SMD,25ppm,,,,,,
RES-2002-09K1,RT0402BRD079K1L,Yageo,RES 9.1k OHM 63mW 0.10% SMD 0402 ,g-res:R,Resistor_SMD:R_0402_1005Metric,9.1k,50V,63mW,0.1%,https://www.yageo.com/upload/media/product/app/datasheet/rchip/pyu-rt_1-to-0.01_rohs_l.pdf,Thin Film,0402,1.0mm,0.5mm,0.35mm,SMD,25ppm,,,,,,
RES-2002-010K,RT0402BRD0710KL,Yageo,RES 10k OHM 63mW 0.10% SMD 0402 ,g-res:R,Resistor_SMD:R_0402_1005Metric,10k,50V,63mW,0.1%,https://www.yageo.com/upload/media/product/app/datasheet/rchip/pyu-rt_1-to-0.01_rohs_l.pdf,Thin Film,0402,1.0mm,0.5mm,0.35mm,SMD,25ppm,,,,,,
RES-2002-011K,RT0402BRD0711KL,Yageo,RES 11k OHM 63mW 0.10% SMD 0402 ,g-res:R,Resistor_SMD:R_0402_1005Metric,11k,50V,63mW,0.1%,https://www.yageo.com/upload/media/product/app/datasheet/rchip/pyu-rt_1-to-0.01_rohs_l.pdf,Thin Film,0402,1.0mm,0.5mm,0.35mm,SMD,25ppm,,,,,,
RES-2002-012K,RT0402BRD0712KL,Yageo,RES 12k OHM 63mW 0.10% SMD 0402 ,g-res:R,Resistor_SMD:R_0402_1005Metric,12k,50V,63mW,0.1%,https://www.yageo.com/upload/media/product/app/datasheet/rchip/pyu-rt_1-to-0.01_rohs_l.pdf,Thin Film,0402,1.0mm,0.5mm,0.35mm,SMD,25ppm,,,,,,
RES-2002-013K,RT0402BRD0713KL,Yageo,RES 13k OHM 63mW 0.10% SMD 0402 ,g-res:R,Resistor_SMD:R_0402_1005Metric,13k,50V,63mW,0.1%,https://www.yageo.com/upload/media/product/app/datasheet/rchip/pyu-rt_1-to-0.01_rohs_l.pdf,Thin Film,0402,1.0mm,0.5mm,0.35mm,SMD,25ppm,,,,,,
RES-2002-015K,RT0402BRD0715KL,Yageo,RES 15k OHM 63mW 0.10% SMD 0402 ,g-res:R,Resistor_SMD:R_0402_1005Metric,15k,50V,63mW,0.1%,https://www.yageo.com/upload/media/product/app/datasheet/rchip/pyu-rt_1-to-0.01_rohs_l.pdf,Thin Film,0402,1.0mm,0.5mm,0.35mm,SMD,25ppm,,,,,,
RES-2002-016K,RT0402BRD0716KL,Yageo,RES 16k OHM 63mW 0.10% SMD 0402 ,g-res:R,Resistor_SMD:R_0402_1005Metric,16k,50V,63mW,0.1%,https://www.yageo.com/upload/media/product/app/datasheet/rchip/pyu-rt_1-to-0.01_rohs_l.pdf,Thin Film,0402,1.0mm,0.5mm,0.35mm,SMD,25ppm,,,,,,
RES-2002-018K,RT0402BRD0718KL,Yageo,RES 18k OHM 63mW 0.10% SMD 0402 ,g-res:R,Resistor_SMD:R_0402_1005Metric,18k,50V,63mW,0.1%,https://www.yageo.com/upload/media/product/app/datasheet/rchip/pyu-rt_1-to-0.01_rohs_l.pdf,Thin Film,0402,1.0mm,0.5mm,0.35mm,SMD,25ppm,,,,,,
RES-2002-020K,RT0402BRD0720KL,Yageo,RES 20k OHM 63mW 0.10% SMD 0402 ,g-res:R,Resistor_SMD:R_0402_1005Metric,20k,50V,63mW,0.1%,https://www.yageo.com/upload/media/product/app/datasheet/rchip/pyu-rt_1-to-0.01_rohs_l.pdf,Thin Film,0402,1.0mm,0.5mm,0.35mm,SMD,25ppm,,,,,,
RES-2002-022K,RT0402BRD0722KL,Yageo,RES 22k OHM 63mW 0.10% SMD 0402 ,g-res:R,Resistor_SMD:R_0402_1005Metric,22k,50V,63mW,0.1%,https://www.yageo.com/upload/media/product/app/datasheet/rchip/pyu-rt_1-to-0.01_rohs_l.pdf,Thin Film,0402,1.0mm,0.5mm,0.35mm,SMD,25ppm,,,,,,
RES-2002-024K,RT0402BRD0724KL,Yageo,RES 24k OHM 63mW 0.10% SMD 0402 ,g-res:R,Resistor_SMD:R_0402_1005Metric,24k,50V,63mW,0.1%,https://www.yageo.com/upload/media/product/app/datasheet/rchip/pyu-rt_1-to-0.01_rohs_l.pdf,Thin Film,0402,1.0mm,0.5mm,0.35mm,SMD,25ppm,,,,,,
RES-2002-027K,RT0402BRD0727KL,Yageo,RES 27k OHM 63mW 0.10% SMD 0402 ,g-res:R,Resistor_SMD:R_0402_1005Metric,27k,50V,63mW,0.1%,https://www.yageo.com/upload/media/product/app/datasheet/rchip/pyu-rt_1-to-0.01_rohs_l.pdf,Thin Film,0402,1.0mm,0.5mm,0.35mm,SMD,25ppm,,,,,,
RES-2002-030K,RT0402BRD0730KL,Yageo,RES 30k OHM 63mW 0.10% SMD 0402 ,g-res:R,Resistor_SMD:R_0402_1005Metric,30k,50V,63mW,0.1%,https://www.yageo.com/upload/media/product/app/datasheet/rchip/pyu-rt_1-to-0.01_rohs_l.pdf,Thin Film,0402,1.0mm,0.5mm,0.35mm,SMD,25ppm,,,,,,
RES-2002-033K,RT0402BRD0733KL,Yageo,RES 33k OHM 63mW 0.10% SMD 0402 ,g-res:R,Resistor_SMD:R_0402_1005Metric,33k,50V,63mW,0.1%,https://www.yageo.com/upload/media/product/app/datasheet/rchip/pyu-rt_1-to-0.01_rohs_l.pdf,Thin Film,0402,1.0mm,0.5mm,0.35mm,SMD,25ppm,,,,,,
RES-2002-036K,RT0402BRD0736KL,Yageo,RES 36k OHM 63mW 0.10% SMD 0402 ,g-res:R,Resistor_SMD:R_0402_1005Metric,36k,50V,63mW,0.1%,https://www.yageo.com/upload/media/product/app/datasheet/rchip/pyu-rt_1-to-0.01_rohs_l.pdf,Thin Film,0402,1.0mm,0.5mm,0.35mm,SMD,25ppm,,,,,,
RES-2002-039K,RT0402BRD0739KL,Yageo,RES 39k OHM 63mW 0.10% SMD 0402 ,g-res:R,Resistor_SMD:R_0402_1005Metric,39k,50V,63mW,0.1%,https://www.yageo.com/upload/media/product/app/datasheet/rchip/pyu-rt_1-to-0.01_rohs_l.pdf,Thin Film,0402,1.0mm,0.5mm,0.35mm,SMD,25ppm,,,,,,
RES-2002-043K,RT0402BRD0743KL,Yageo,RES 43k OHM 63mW 0.10% SMD 0402 ,g-res:R,Resistor_SMD:R_0402_1005Metric,43k,50V,63mW,0.1%,https://www.yageo.com/upload/media/product/app/datasheet/rchip/pyu-rt_1-to-0.01_rohs_l.pdf,Thin Film,0402,1.0mm,0.5mm,0.35mm,SMD,25ppm,,,,,,
RES-2002-047K,RT0402BRD0747KL,Yageo,RES 47k OHM 63mW 0.10% SMD 0402 ,g-res:R,Resistor_SMD:R_0402_1005Metric,47k,50V,63mW,0.1%,https://www.yageo.com/upload/media/product/app/datasheet/rchip/pyu-rt_1-to-0.01_rohs_l.pdf,Thin Film,0402,1.0mm,0.5mm,0.35mm,SMD,25ppm,,,,,,
RES-2002-051K,RT0402BRD0751KL,Yageo,RES 51k OHM 63mW 0.10% SMD 0402 ,g-res:R,Resistor_SMD:R_0402_1005Metric,51k,50V,63mW,0.1%,https://www.yageo.com/upload/media/product/app/datasheet/rchip/pyu-rt_1-to-0.01_rohs_l.pdf,Thin Film,0402,1.0mm,0.5mm,0.35mm,SMD,25ppm,,,,,,
RES-2002-056K,RT0402BRD0756KL,Yageo,RES 56k OHM 63mW 0.10% SMD 0402 ,g-res:R,Resistor_SMD:R_0402_1005Metric,56k,50V,63mW,0.1%,https://www.yageo.com/upload/media/product/app/datasheet/rchip/pyu-rt_1-to-0.01_rohs_l.pdf,Thin Film,0402,1.0mm,0.5mm,0.35mm,SMD,25ppm,,,,,,
RES-2002-062K,RT0402BRD0762KL,Yageo,RES 62k OHM 63mW 0.10% SMD 0402 ,g-res:R,Resistor_SMD:R_0402_1005Metric,62k,50V,63mW,0.1%,https://www.yageo.com/upload/media/product/app/datasheet/rchip/pyu-rt_1-to-0.01_rohs_l.pdf,Thin Film,0402,1.0mm,0.5mm,0.35mm,SMD,25ppm,,,,,,
RES-2002-068K,RT0402BRD0768KL,Yageo,RES 68k OHM 63mW 0.10% SMD 0402 ,g-res:R,Resistor_SMD:R_0402_1005Metric,68k,50V,63mW,0.1%,https://www.yageo.com/upload/media/product/app/datasheet/rchip/pyu-rt_1-to-0.01_rohs_l.pdf,Thin Film,0402,1.0mm,0.5mm,0.35mm,SMD,25ppm,,,,,,
RES-2002-075K,RT0402BRD0775KL,Yageo,RES 75k OHM 63mW 0.10% SMD 0402 ,g-res:R,Resistor_SMD:R_0402_1005Metric,75k,50V,63mW,0.1%,https://www.yageo.com/upload/media/product/app/datasheet/rchip/pyu-rt_1-to-0.01_rohs_l.pdf,Thin Film,0402,1.0mm,0.5mm,0.35mm,SMD,25ppm,,,,,,
RES-2002-082K,RT0402BRD0782KL,Yageo,RES 82k OHM 63mW 0.10% SMD 0402 ,g-res:R,Resistor_SMD:R_0402_1005Metric,82k,50V,63mW,0.1%,https://www.yageo.com/upload/media/product/app/datasheet/rchip/pyu-rt_1-to-0.01_rohs_l.pdf,Thin Film,0402,1.0mm,0.5mm,0.35mm,SMD,25ppm,,,,,,
RES-2002-091K,RT0402BRD0791KL,Yageo,RES 91k OHM 63mW 0.10% SMD 0402 ,g-res:R,Resistor_SMD:R_0402_1005Metric,91k,50V,63mW,0.1%,https://www.yageo.com/upload/media/product/app/datasheet/rchip/pyu-rt_1-to-0.01_rohs_l.pdf,Thin Film,0402,1.0mm,0.5mm,0.35mm,SMD,25ppm,,,,,,
RES-2002-100K,RT0402BRD07100KL,Yageo,RES 100k OHM 63mW 0.10% SMD 0402 ,g-res:R,Resistor_SMD:R_0402_1005Metric,100k,50V,63mW,0.1%,https://www.yageo.com/upload/media/product/app/datasheet/rchip/pyu-rt_1-to-0.01_rohs_l.pdf,Thin Film,0402,1.0mm,0.5mm,0.35mm,SMD,25ppm,,,,,,
RES-2002-110K,RT0402BRD07110KL,Yageo,RES 110k OHM 63mW 0.10% SMD 0402 ,g-res:R,Resistor_SMD:R_0402_1005Metric,110k,50V,63mW,0.1%,https://www.yageo.com/upload/media/product/app/datasheet/rchip/pyu-rt_1-to-0.01_rohs_l.pdf,Thin Film,0402,1.0mm,0.5mm,0.35mm,SMD,25ppm,,,,,,
RES-2002-120K,RT0402BRD07120KL,Yageo,RES 120k OHM 63mW 0.10% SMD 0402 ,g-res:R,Resistor_SMD:R_0402_1005Metric,120k,50V,63mW,0.1%,https://www.yageo.com/upload/media/product/app/datasheet/rchip/pyu-rt_1-to-0.01_rohs_l.pdf,Thin Film,0402,1.0mm,0.5mm,0.35mm,SMD,25ppm,,,,,,
RES-2002-130K,RT0402BRD07130KL,Yageo,RES 130k OHM 63mW 0.10% SMD 0402 ,g-res:R,Resistor_SMD:R_0402_1005Metric,130k,50V,63mW,0.1%,https://www.yageo.com/upload/media/product/app/datasheet/rchip/pyu-rt_1-to-0.01_rohs_l.pdf,Thin Film,0402,1.0mm,0.5mm,0.35mm,SMD,25ppm,,,,,,
RES-2002-150K,RT0402BRD07150KL,Yageo,RES 150k OHM 63mW 0.10% SMD 0402 ,g-res:R,Resistor_SMD:R_0402_1005Metric,150k,50V,63mW,0.1%,https://www.yageo.com/upload/media/product/app/datasheet/rchip/pyu-rt_1-to-0.01_rohs_l.pdf,Thin Film,0402,1.0mm,0.5mm,0.35mm,SMD,25ppm,,,,,,
RES-2002-160K,RT0402BRD07160KL,Yageo,RES 160k OHM 63mW 0.10% SMD 0402 ,g-res:R,Resistor_SMD:R_0402_1005Metric,160k,50V,63mW,0.1%,https://www.yageo.com/upload/media/product/app/datasheet/rchip/pyu-rt_1-to-0.01_rohs_l.pdf,Thin Film,0402,1.0mm,0.5mm,0.35mm,SMD,25ppm,,,,,,
RES-2002-180K,RT0402BRD07180KL,Yageo,RES 180k OHM 63mW 0.10% SMD 0402 ,g-res:R,Resistor_SMD:R_0402_1005Metric,180k,50V,63mW,0.1%,https://www.yageo.com/upload/media/product/app/datasheet/rchip/pyu-rt_1-to-0.01_rohs_l.pdf,Thin Film,0402,1.0mm,0.5mm,0.35mm,SMD,25ppm,,,,,,
RES-2002-200K,RT0402BRD07200KL,Yageo,RES 200k OHM 63mW 0.10% SMD 0402 ,g-res:R,Resistor_SMD:R_0402_1005Metric,200k,50V,63mW,0.1%,https://www.yageo.com/upload/media/product/app/datasheet/rchip/pyu-rt_1-to-0.01_rohs_l.pdf,Thin Film,0402,1.0mm,0.5mm,0.35mm,SMD,25ppm,,,,,,
RES-2002-220K,RT0402BRD07220KL,Yageo,RES 220k OHM 63mW 0.10% SMD 0402 ,g-res:R,Resistor_SMD:R_0402_1005Metric,220k,50V,63mW,0.1%,https://www.yageo.com/upload/media/product/app/datasheet/rchip/pyu-rt_1-to-0.01_rohs_l.pdf,Thin Film,0402,1.0mm,0.5mm,0.35mm,SMD,25ppm,,,,,,
RES-2002-240K,RT0402BRD07240KL,Yageo,RES 240k OHM 63mW 0.10% SMD 0402 ,g-res:R,Resistor_SMD:R_0402_1005Metric,240k,50V,63mW,0.1%,https://www.yageo.com/upload/media/product/app/datasheet/rchip/pyu-rt_1-to-0.01_rohs_l.pdf,Thin Film,0402,1.0mm,0.5mm,0.35mm,SMD,25ppm,,,,,,
RES-2002-270K,RT0402BRD0747KL,Yageo,RES 270k OHM 63mW 0.10% SMD 0402 ,g-res:R,Resistor_SMD:R_0402_1005Metric,270k,50V,63mW,0.1%,https://www.yageo.com/upload/media/product/app/datasheet/rchip/pyu-rt_1-to-0.01_rohs_l.pdf,Thin Film,0402,1.0mm,0.5mm,0.35mm,SMD,25ppm,,,,,,
RES-2002-300K,RT0402BRD0751KL,Yageo,RES 300k OHM 63mW 0.10% SMD 0402 ,g-res:R,Resistor_SMD:R_0402_1005Metric,300k,50V,63mW,0.1%,https://www.yageo.com/upload/media/product/app/datasheet/rchip/pyu-rt_1-to-0.01_rohs_l.pdf,Thin Film,0402,1.0mm,0.5mm,0.35mm,SMD,25ppm,,,,,,
RES-2002-330K,RT0402BRD0756KL,Yageo,RES 330k OHM 63mW 0.10% SMD 0402 ,g-res:R,Resistor_SMD:R_0402_1005Metric,330k,50V,63mW,0.1%,https://www.yageo.com/upload/media/product/app/datasheet/rchip/pyu-rt_1-to-0.01_rohs_l.pdf,Thin Film,0402,1.0mm,0.5mm,0.35mm,SMD,25ppm,,,,,,
RES-2002-360K,RT0402BRD0762KL,Yageo,RES 360k OHM 63mW 0.10% SMD 0402 ,g-res:R,Resistor_SMD:R_0402_1005Metric,360k,50V,63mW,0.1%,https://www.yageo.com/upload/media/product/app/datasheet/rchip/pyu-rt_1-to-0.01_rohs_l.pdf,Thin Film,0402,1.0mm,0.5mm,0.35mm,SMD,25ppm,,,,,,
RES-2002-390K,RT0402BRD0768KL,Yageo,RES 390k OHM 63mW 0.10% SMD 0402 ,g-res:R,Resistor_SMD:R_0402_1005Metric,390k,50V,63mW,0.1%,https://www.yageo.com/upload/media/product/app/datasheet/rchip/pyu-rt_1-to-0.01_rohs_l.pdf,Thin Film,0402,1.0mm,0.5mm,0.35mm,SMD,25ppm,,,,,,
RES-2002-430K,RT0402BRD0775KL,Yageo,RES 430k OHM 63mW 0.10% SMD 0402 ,g-res:R,Resistor_SMD:R_0402_1005Metric,430k,50V,63mW,0.1%,https://www.yageo.com/upload/media/product/app/datasheet/rchip/pyu-rt_1-to-0.01_rohs_l.pdf,Thin Film,0402,1.0mm,0.5mm,0.35mm,SMD,25ppm,,,,,,
RES-2002-470K,RT0402BRD0782KL,Yageo,RES 470k OHM 63mW 0.10% SMD 0402 ,g-res:R,Resistor_SMD:R_0402_1005Metric,470k,50V,63mW,0.1%,https://www.yageo.com/upload/media/product/app/datasheet/rchip/pyu-rt_1-to-0.01_rohs_l.pdf,Thin Film,0402,1.0mm,0.5mm,0.35mm,SMD,25ppm,,,,,,
RES-2002-510K,RT0402BRD0791KL,Yageo,RES 510k OHM 63mW 0.10% SMD 0402 ,g-res:R,Resistor_SMD:R_0402_1005Metric,510k,50V,63mW,0.1%,https://www.yageo.com/upload/media/product/app/datasheet/rchip/pyu-rt_1-to-0.01_rohs_l.pdf,Thin Film,0402,1.0mm,0.5mm,0.35mm,SMD,25ppm,,,,,,
RES-2002-560K,RT0402BRD07100KL,Yageo,RES 560k OHM 63mW 0.10% SMD 0402 ,g-res:R,Resistor_SMD:R_0402_1005Metric,560k,50V,63mW,0.1%,https://www.yageo.com/upload/media/product/app/datasheet/rchip/pyu-rt_1-to-0.01_rohs_l.pdf,Thin Film,0402,1.0mm,0.5mm,0.35mm,SMD,25ppm,,,,,,
RES-2002-620K,RT0402BRD07110KL,Yageo,RES 620k OHM 63mW 0.10% SMD 0402 ,g-res:R,Resistor_SMD:R_0402_1005Metric,620k,50V,63mW,0.1%,https://www.yageo.com/upload/media/product/app/datasheet/rchip/pyu-rt_1-to-0.01_rohs_l.pdf,Thin Film,0402,1.0mm,0.5mm,0.35mm,SMD,25ppm,,,,,,
RES-2002-680K,RT0402BRD07120KL,Yageo,RES 680k OHM 63mW 0.10% SMD 0402 ,g-res:R,Resistor_SMD:R_0402_1005Metric,680k,50V,63mW,0.1%,https://www.yageo.com/upload/media/product/app/datasheet/rchip/pyu-rt_1-to-0.01_rohs_l.pdf,Thin Film,0402,1.0mm,0.5mm,0.35mm,SMD,25ppm,,,,,,
RES-2002-750K,RT0402BRD07130KL,Yageo,RES 750k OHM 63mW 0.10% SMD 0402 ,g-res:R,Resistor_SMD:R_0402_1005Metric,750k,50V,63mW,0.1%,https://www.yageo.com/upload/media/product/app/datasheet/rchip/pyu-rt_1-to-0.01_rohs_l.pdf,Thin Film,0402,1.0mm,0.5mm,0.35mm,SMD,25ppm,,,,,,
RES-2002-820K,RT0402BRD07150KL,Yageo,RES 820k OHM 63mW 0.10% SMD 0402 ,g-res:R,Resistor_SMD:R_0402_1005Metric,820k,50V,63mW,0.1%,https://www.yageo.com/upload/media/product/app/datasheet/rchip/pyu-rt_1-to-0.01_rohs_l.pdf,Thin Film,0402,1.0mm,0.5mm,0.35mm,SMD,25ppm,,,,,,
RES-2002-910K,RT0402BRD07160KL,Yageo,RES 910k OHM 63mW 0.10% SMD 0402 ,g-res:R,Resistor_SMD:R_0402_1005Metric,910k,50V,63mW,0.1%,https://www.yageo.com/upload/media/product/app/datasheet/rchip/pyu-rt_1-to-0.01_rohs_l.pdf,Thin Film,0402,1.0mm,0.5mm,0.35mm,SMD,25ppm,,,,,,
RES-2005-001M,AC0402FR-071ML,Yageo,RES 1M OHM 63mW 1% SMD 0402 ,g-res:R,Resistor_SMD:R_0402_1005Metric,1M,50V,63mW,1%,https://www.yageo.com/upload/media/product/app/datasheet/rchip/pyu-rt_1-to-0.01_rohs_l.pdf,Thin Film,0402,1.0mm,0.5mm,0.35mm,SMD,200ppm,Yageo,AC0402FR-071ML,KOA Speer,RK73H1ETTP1004F,Vishay Dale,CRCW04021M00FKED
RES-2005-01M5,AC0402FR-071M5L,Yageo,RES 1.5M OHM 63mW 1% SMD 0402 ,g-res:R,Resistor_SMD:R_0402_1005Metric,1.5M,50V,63mW,1%,https://www.yageo.com/upload/media/product/app/datasheet/rchip/pyu-rt_1-to-0.01_rohs_l.pdf,Thin Film,0402,1.0mm,0.5mm,0.35mm,SMD,200ppm,Yageo,AC0402FR-071M5L,KOA Speer,RK73H1ETTP1504F,Vishay Dale,CRCW04021M50FKED
RES-2005-02M2,AC0402FR-072M2L,Yageo,RES 2.2M OHM 63mW 1% SMD 0402 ,g-res:R,Resistor_SMD:R_0402_1005Metric,2.2M,50V,63mW,1%,https://www.yageo.com/upload/media/product/app/datasheet/rchip/pyu-rt_1-to-0.01_rohs_l.pdf,Thin Film,0402,1.0mm,0.5mm,0.35mm,SMD,200ppm,Yageo,AC0402FR-072M2L,KOA Speer,RK73H1ETTP2204F,Vishay Dale,CRCW04022M20FKED
RES-2005-03M3,AC0402FR-073M3L,Yageo,RES 3.3M OHM 63mW 1% SMD 0402 ,g-res:R,Resistor_SMD:R_0402_1005Metric,3.3M,50V,63mW,1%,https://www.yageo.com/upload/media/product/app/datasheet/rchip/pyu-rt_1-to-0.01_rohs_l.pdf,Thin Film,0402,1.0mm,0.5mm,0.35mm,SMD,200ppm,Yageo,AC0402FR-073M3L,KOA Speer,RK73H1ETTP3304F,Vishay Dale,CRCW04023M30FKED
RES-2005-04M7,AC0402FR-074M7L,Yageo,RES 4.7M OHM 63mW 1% SMD 0402 ,g-res:R,Resistor_SMD:R_0402_1005Metric,4.7M,50V,63mW,1%,https://www.yageo.com/upload/media/product/app/datasheet/rchip/pyu-rt_1-to-0.01_rohs_l.pdf,Thin Film,0402,1.0mm,0.5mm,0.35mm,SMD,200ppm,Yageo,AC0402FR-074M7L,KOA Speer,RK73H1ETTP4704F,Vishay Dale,CRCW04024M70FKED
RES-2005-06M8,AC0402FR-076M8L,Yageo,RES 6.8M OHM 63mW 1% SMD 0402 ,g-res:R,Resistor_SMD:R_0402_1005Metric,6.8M,50V,63mW,1%,https://www.yageo.com/upload/media/product/app/datasheet/rchip/pyu-rt_1-to-0.01_rohs_l.pdf,Thin Film,0402,1.0mm,0.5mm,0.35mm,SMD,200ppm,Yageo,AC0402FR-076M8L,KOA Speer,RK73H1ETTP6804F,Vishay Dale,CRCW04026M80FKED
RES-2005-010M,AC0402FR-0710ML,Yageo,RES 10M OHM 63mW 1% SMD 0402 ,g-res:R,Resistor_SMD:R_0402_1005Metric,10M,50V,63mW,1%,https://www.yageo.com/upload/media/product/app/datasheet/rchip/pyu-rt_1-to-0.01_rohs_l.pdf,Thin Film,0402,1.0mm,0.5mm,0.35mm,SMD,200ppm,Yageo,AC0402FR-0710ML,KOA Speer,RK73H1ETTP1005F,Vishay Dale,CRCW040210M0FKED
RES-2003-0R10,RL0510S-R10-F,Susumu,RES 100m OHM 0.167W 1.00% SMD 0402 ,g-res:R,Resistor_SMD:R_0402_1005Metric,100m,50V,0.167W,1%,https://www.susumu.co.jp/common/pdf/n_catalog_partition08_en.pdf,Thick Film,0402,1.0mm,0.5mm,0.45mm,SMD,200ppm,,,,,,
RES-2003-0R15,RL0510S-R15-F,Susumu,RES 150m OHM 0.167W 1.00% SMD 0402 ,g-res:R,Resistor_SMD:R_0402_1005Metric,150m,50V,0.167W,1%,https://www.susumu.co.jp/common/pdf/n_catalog_partition08_en.pdf,Thick Film,0402,1.0mm,0.5mm,0.45mm,SMD,200ppm,,,,,,
RES-2003-0R22,RL0510S-R22-F,Susumu,RES 220m OHM 0.167W 1.00% SMD 0402 ,g-res:R,Resistor_SMD:R_0402_1005Metric,220m,50V,0.167W,1%,https://www.susumu.co.jp/common/pdf/n_catalog_partition08_en.pdf,Thick Film,0402,1.0mm,0.5mm,0.45mm,SMD,200ppm,,,,,,
RES-2003-0R33,RL0510S-R33-F,Susumu,RES 330m OHM 0.167W 1.00% SMD 0402 ,g-res:R,Resistor_SMD:R_0402_1005Metric,330m,50V,0.167W,1%,https://www.susumu.co.jp/common/pdf/n_catalog_partition08_en.pdf,Thick Film,0402,1.0mm,0.5mm,0.45mm,SMD,200ppm,,,,,,
RES-2003-0R47,RL0510S-R47-F,Susumu,RES 470m OHM 0.167W 1.00% SMD 0402 ,g-res:R,Resistor_SMD:R_0402_1005Metric,470m,50V,0.167W,1%,https://www.susumu.co.jp/common/pdf/n_catalog_partition08_en.pdf,Thick Film,0402,1.0mm,0.5mm,0.45mm,SMD,200ppm,,,,,,
RES-2003-0R51,RL0510S-R51-F,Susumu,RES 510m OHM 0.167W 1.00% SMD 0402 ,g-res:R,Resistor_SMD:R_0402_1005Metric,510m,50V,0.167W,1%,https://www.susumu.co.jp/common/pdf/n_catalog_partition08_en.pdf,Thick Film,0402,1.0mm,0.5mm,0.45mm,SMD,200ppm,,,,,,
RES-2003-001R,RL0510S-1R0-F,Susumu,RES 1 OHM 0.167W 1.00% SMD 0402 ,g-res:R,Resistor_SMD:R_0402_1005Metric,1,50V,0.167W,1%,https://www.susumu.co.jp/common/pdf/n_catalog_partition08_en.pdf,Thick Film,0402,1.0mm,0.5mm,0.45mm,SMD,200ppm,,,,,,
RES-2003-01R2,RL0510S-1R2-F,Susumu,RES 1.2 OHM 0.167W 1.00% SMD 0402 ,g-res:R,Resistor_SMD:R_0402_1005Metric,1.2,50V,0.167W,1%,https://www.susumu.co.jp/common/pdf/n_catalog_partition08_en.pdf,Thick Film,0402,1.0mm,0.5mm,0.45mm,SMD,200ppm,,,,,,
RES-2003-01R5,RL0510S-1R5-F,Susumu,RES 1.5 OHM 0.167W 1.00% SMD 0402 ,g-res:R,Resistor_SMD:R_0402_1005Metric,1.5,50V,0.167W,1%,https://www.susumu.co.jp/common/pdf/n_catalog_partition08_en.pdf,Thick Film,0402,1.0mm,0.5mm,0.45mm,SMD,200ppm,,,,,,
RES-2003-02R2,RL0510S-2R2-F,Susumu,RES 2.2 OHM 0.167W 1.00% SMD 0402 ,g-res:R,Resistor_SMD:R_0402_1005Metric,2.2,50V,0.167W,1%,https://www.susumu.co.jp/common/pdf/n_catalog_partition08_en.pdf,Thick Film,0402,1.0mm,0.5mm,0.45mm,SMD,200ppm,,,,,,
RES-2003-03R3,RL0510S-3R3-F,Susumu,RES 3.3 OHM 0.167W 1.00% SMD 0402 ,g-res:R,Resistor_SMD:R_0402_1005Metric,3.3,50V,0.167W,1%,https://www.susumu.co.jp/common/pdf/n_catalog_partition08_en.pdf,Thick Film,0402,1.0mm,0.5mm,0.45mm,SMD,200ppm,,,,,,
RES-2003-03R9,RL0510S-3R9-F,Susumu,RES 3.9 OHM 0.167W 1.00% SMD 0402 ,g-res:R,Resistor_SMD:R_0402_1005Metric,3.9,50V,0.167W,1%,https://www.susumu.co.jp/common/pdf/n_catalog_partition08_en.pdf,Thick Film,0402,1.0mm,0.5mm,0.45mm,SMD,200ppm,,,,,,
RES-2002-110K,RT0402BRD07110KL,Yageo,RES SMD 0402 110 KOHM 63mW Thin Film,g-res:R,Resistor_SMD:R_0402_1005Metric,110k,50V,63mW,0.10%,https://www.yageo.com/upload/media/product/app/datasheet/rchip/pyu-rt_1-to-0.01_rohs_l.pdf,Thin Film,402,1.0mm,0.5mm,0.35mm,SMD,25ppm,,,,,,
RES-2002-120K,RT0402BRD07120KL,Yageo,RES SMD 0402 120 KOHM 63mW Thin Film,g-res:R,Resistor_SMD:R_0402_1005Metric,120k,50V,63mW,0.10%,https://www.yageo.com/upload/media/product/app/datasheet/rchip/pyu-rt_1-to-0.01_rohs_l.pdf,Thin Film,402,1.0mm,0.5mm,0.35mm,SMD,25ppm,,,,,,
RES-2002-130K,RT0402BRD07130KL,Yageo,RES SMD 0402 130 KOHM 63mW Thin Film,g-res:R,Resistor_SMD:R_0402_1005Metric,130k,50V,63mW,0.10%,https://www.yageo.com/upload/media/product/app/datasheet/rchip/pyu-rt_1-to-0.01_rohs_l.pdf,Thin Film,402,1.0mm,0.5mm,0.35mm,SMD,25ppm,,,,,,
RES-2002-150K,RT0402BRD07150KL,Yageo,RES SMD 0402 150 KOHM 63mW Thin Film,g-res:R,Resistor_SMD:R_0402_1005Metric,150k,50V,63mW,0.10%,https://www.yageo.com/upload/media/product/app/datasheet/rchip/pyu-rt_1-to-0.01_rohs_l.pdf,Thin Film,402,1.0mm,0.5mm,0.35mm,SMD,25ppm,,,,,,
RES-2002-160K,RT0402BRD07160KL,Yageo,RES SMD 0402 160 KOHM 63mW Thin Film,g-res:R,Resistor_SMD:R_0402_1005Metric,160k,50V,63mW,0.10%,https://www.yageo.com/upload/media/product/app/datasheet/rchip/pyu-rt_1-to-0.01_rohs_l.pdf,Thin Film,402,1.0mm,0.5mm,0.35mm,SMD,25ppm,,,,,,
RES-2002-180K,RT0402BRD07180KL,Yageo,RES SMD 0402 180 KOHM 63mW Thin Film,g-res:R,Resistor_SMD:R_0402_1005Metric,180k,50V,63mW,0.10%,https://www.yageo.com/upload/media/product/app/datasheet/rchip/pyu-rt_1-to-0.01_rohs_l.pdf,Thin Film,402,1.0mm,0.5mm,0.35mm,SMD,25ppm,,,,,,
RES-2002-200K,RT0402BRD07200KL,Yageo,RES SMD 0402 200 KOHM 63mW Thin Film,g-res:R,Resistor_SMD:R_0402_1005Metric,200k,50V,63mW,0.10%,https://www.yageo.com/upload/media/product/app/datasheet/rchip/pyu-rt_1-to-0.01_rohs_l.pdf,Thin Film,402,1.0mm,0.5mm,0.35mm,SMD,25ppm,,,,,,
RES-2002-220K,RT0402BRD07220KL,Yageo,RES SMD 0402 220 KOHM 63mW Thin Film,g-res:R,Resistor_SMD:R_0402_1005Metric,220k,50V,63mW,0.10%,https://www.yageo.com/upload/media/product/app/datasheet/rchip/pyu-rt_1-to-0.01_rohs_l.pdf,Thin Film,402,1.0mm,0.5mm,0.35mm,SMD,25ppm,,,,,,
RES-2002-240K,RT0402BRD07240KL,Yageo,RES SMD 0402 240 KOHM 63mW Thin Film,g-res:R,Resistor_SMD:R_0402_1005Metric,240k,50V,63mW,0.10%,https://www.yageo.com/upload/media/product/app/datasheet/rchip/pyu-rt_1-to-0.01_rohs_l.pdf,Thin Film,402,1.0mm,0.5mm,0.35mm,SMD,25ppm,,,,,,
RES-2003-0R10,RL0510S-R10-F,Susumu,RES 0.1 OHM 1% 1/6W 0402,g-res:R,Resistor_SMD:R_0402_1005Metric,100m,50V,0.167W,1.00%,https://www.susumu.co.jp/common/pdf/n_catalog_partition08_en.pdf,Thick Film,402,1.0mm,0.5mm,0.45mm,SMD,200ppm,,,,,,
RES-2003-0R15,RL0510S-R15-F,Susumu,RES 0.15 OHM 1% 1/6W 0402,g-res:R,Resistor_SMD:R_0402_1005Metric,150m,50V,0.167W,1.00%,https://www.susumu.co.jp/common/pdf/n_catalog_partition08_en.pdf,Thick Film,402,1.0mm,0.5mm,0.45mm,SMD,200ppm,,,,,,
RES-2003-0R22,RL0510S-R22-F,Susumu,RES 0.22 OHM 1% 1/6W 0402,g-res:R,Resistor_SMD:R_0402_1005Metric,220m,50V,0.167W,1.00%,https://www.susumu.co.jp/common/pdf/n_catalog_partition08_en.pdf,Thick Film,402,1.0mm,0.5mm,0.45mm,SMD,200ppm,,,,,,
RES-2003-0R33,RL0510S-R33-F,Susumu,RES 0.33 OHM 1% 1/6W 0402,g-res:R,Resistor_SMD:R_0402_1005Metric,330m,50V,0.167W,1.00%,https://www.susumu.co.jp/common/pdf/n_catalog_partition08_en.pdf,Thick Film,402,1.0mm,0.5mm,0.45mm,SMD,200ppm,,,,,,
RES-2003-0R47,RL0510S-R47-F,Susumu,RES 0.47 OHM 1% 1/6W 0402,g-res:R,Resistor_SMD:R_0402_1005Metric,470m,50V,0.167W,1.00%,https://www.susumu.co.jp/common/pdf/n_catalog_partition08_en.pdf,Thick Film,402,1.0mm,0.5mm,0.45mm,SMD,200ppm,,,,,,
RES-2003-0R51,RL0510S-R51-F,Susumu,RES 0.51 OHM 1% 1/6W 0402,g-res:R,Resistor_SMD:R_0402_1005Metric,510m,50V,0.167W,1.00%,https://www.susumu.co.jp/common/pdf/n_catalog_partition08_en.pdf,Thick Film,402,1.0mm,0.5mm,0.45mm,SMD,200ppm,,,,,,
RES-2003-001R,RL0510S-1R0-F,Susumu,RES SMD 1 OHM 1% 1/6W 0402,g-res:R,Resistor_SMD:R_0402_1005Metric,1,50V,0.167W,1.00%,https://www.susumu.co.jp/common/pdf/n_catalog_partition08_en.pdf,Thick Film,402,1.0mm,0.5mm,0.45mm,SMD,200ppm,,,,,,
RES-2003-01R2,RL0510S-1R2-F,Susumu,RES SMD 1.2 OHM 1% 1/6W 0402,g-res:R,Resistor_SMD:R_0402_1005Metric,1.2,50V,0.167W,1.00%,https://www.susumu.co.jp/common/pdf/n_catalog_partition08_en.pdf,Thick Film,402,1.0mm,0.5mm,0.45mm,SMD,200ppm,,,,,,
RES-2003-01R5,RL0510S-1R5-F,Susumu,RES SMD 1.5 OHM 1% 1/6W 0402,g-res:R,Resistor_SMD:R_0402_1005Metric,1.5,50V,0.167W,1.00%,https://www.susumu.co.jp/common/pdf/n_catalog_partition08_en.pdf,Thick Film,402,1.0mm,0.5mm,0.45mm,SMD,200ppm,,,,,,
RES-2003-02R2,RL0510S-2R2-F,Susumu,RES SMD 2.2 OHM 1% 1/6W 0402,g-res:R,Resistor_SMD:R_0402_1005Metric,2.2,50V,0.167W,1.00%,https://www.susumu.co.jp/common/pdf/n_catalog_partition08_en.pdf,Thick Film,402,1.0mm,0.5mm,0.45mm,SMD,200ppm,,,,,,
RES-2003-03R3,RL0510S-3R3-F,Susumu,RES SMD 3.3 OHM 1% 1/6W 0402,g-res:R,Resistor_SMD:R_0402_1005Metric,3.3,50V,0.167W,1.00%,https://www.susumu.co.jp/common/pdf/n_catalog_partition08_en.pdf,Thick Film,402,1.0mm,0.5mm,0.45mm,SMD,200ppm,,,,,,
RES-2003-03R9,RL0510S-3R9-F,Susumu,RES SMD 3.9 OHM 1% 1/6W 0402,g-res:R,Resistor_SMD:R_0402_1005Metric,3.9,50V,0.167W,1.00%,https://www.susumu.co.jp/common/pdf/n_catalog_partition08_en.pdf,Thick Film,402,1.0mm,0.5mm,0.45mm,SMD,200ppm,,,,,,
